Last Updated:	1790640000

# This is a list of item prices maintained by Irrat and updated via github
# The prices contained in this are not identical to the ones in game, but are roughly equal. This is meant to tell you what items are worth, not what you can sell them for
# The difference can be said as, if you sold using the prices in here, you shouldn't expect to be making a profit vs selling them by hand.
# The prices provided in here do not respect well_stocked, do not respect limits and do not understand when someone is selling at a loss.
# The prices listed are meant for informational purposes with the `accountval` script. It isn't intended to be usable for maximizing profits
# 'Last Checked' will generally not update for unchanged items, until 3 days have elapsed.
# This file is also served at https://kolprices.lib.co.nz/file/live, historical at https://kolprices.lib.co.nz/file/DD-MM-YYYY
# A basic GUI of the below can be viewed at https://kolprices.lib.co.nz/

# Item ID	Last Checked	Price	Sold in last week	Price last sold
1	1790251296	100	1	100
2	1790251303	200	1	197
3	1790251296	100	0	100
4	1790251296	100	0	100
5	1790251296	100	0	100
6	1790251296	100	0	100
7	1790251296	100	0	100
8	1790251296	100	42	100
9	1790251296	100	0	100
10	1790251296	100	0	100
11	1790251296	100	10	100
12	1790251301	100	0	100
14	1790251296	200	0	200
15	1790251296	200	0	200
16	1790640036	370	24	374
17	1790251303	170	2	169
18	1790251296	65000	0	64989
19	1790640036	200	56	100
20	1790251303	45	0	100
21	1790251303	45	0	100
22	1790251303	45	0	100
23	1790251303	45	20	100
24	1790510437	2000	128	2000
25	1790251296	10	73	100
27	1790251296	100	204	100
28	1790337641	250	0	100
29	1790510437	1200	0	1499
30	1790251296	100	0	100
31	1790251302	7800000	0	70000000
33	1790251303	27	0	100
34	1790251295	100	0	100
35	1790251296	100	0	10
36	1790251296	100	0	100
37	1790553635	680	89	693
38	1790251296	100	0	100
39	1790251296	100	2	100
40	1790251296	90	0	100
41	1790251296	100	1	100
42	1790251296	90	1	100
46	1790251296	100	5	100
47	1790251296	100	0	100
48	1790251296	2900000	0	2900000
49	1790251296	100	1	100
51	1790251296	120	0	120
52	1790251296	100	0	100
53	1790251296	4700	0	4700
55	1790251296	100	26	100
56	1790251303	60000000	0	60000000
58	1790251296	1500000	0	1000000
59	1790251296	150	0	150
61	1790251303	36	0	100
62	1790251296	20000	0	20000
66	1790251296	26000	0	26665
67	1790251301	900000	0	790000
69	1790596832	350	0	100
70	1790251296	100	202	100
71	1790294434	9800	9	9788
72	1790251303	120	1	120
73	1790251301	390	0	399
76	1790337640	6500	20	6498
77	1790251296	100	3	100
78	1790251303	230	3	232
79	1790424036	63	0	100
80	1790251303	7400	16	7394
81	1790251296	100	0	100
82	1790251296	100	0	100
83	1790251296	100	0	100
84	1790640036	2000	0	500
85	1790251296	460000	0	465000
86	1790251296	370	0	373
87	1790251296	100	1	100
88	1790251296	100	0	200
89	1790251296	90	0	100
90	1790251296	90	0	100
91	1790251296	90	0	100
92	1790251303	45	0	100
93	1790424036	350	0	350
94	1790337640	350	0	350
95	1790251305	3000	2	350
96	1790251296	190	0	200
97	1790251303	5000	0	6444
98	1790553632	6000	24	100
99	1790251303	22000	0	22495
100	1790251295	44000	0	44025
101	1790596832	16000	16	15874
102	1790251296	100	14	100
103	1790640036	100	29	100
104	1790553638	95000	2	98800
105	1790510438	6900	4	6987
106	1790251296	100	22	100
107	1790251296	100	0	100
108	1790251303	90	0	100
109	1790251303	90	0	100
110	1790208039	350	0	350
111	1790640038	350	19	350
112	1790251296	350	0	350
113	1790294431	110	0	474
114	1790640036	1900	48	1942
115	1790251304	2600	0	2600
117	1790424036	72	0	100
118	1790424036	18	20	100
119	1790424036	18	20	100
120	1790424036	18	20	100
121	1790251295	100	3	100
122	1790251303	200	4	100
123	1790424036	72	0	100
124	1790424036	18	20	100
125	1790251296	210	1	216
126	1790380838	400	20	248
127	1790251296	320	0	320
128	1790294429	290	0	684
129	1790596832	980	0	100
130	1790294429	1300	0	1000
131	1790294429	72	17	489
132	1790251303	7500	0	7499
135	1790640036	270	2	899
136	1790424037	26	20	100
137	1790467239	420	20	420
138	1790251296	300	17	300
139	1790251296	500	3	500
140	1790251301	360	7	340
142	1790596837	3500	202	1000
143	1790208038	3700	0	3000
144	1790251296	100	0	100
145	1790251296	100	2205	100
147	1790208038	320	0	598
148	1790251303	750	0	500
149	1790337644	750	0	320
157	1790251301	450	20	777
158	1790510437	23	0	100
159	1790640039	36	703	100
160	1790251296	100	10	100
161	1790251296	100	0	100
162	1790251296	100	138	100
163	1790251296	100	14	111
164	1790251296	100	6	100
165	1790380839	54	1	100
166	1790251296	100	6	100
167	1790251296	100	0	104
168	1790467236	100	1	999
169	1790424036	63	0	100
170	1790251296	100	0	100
171	1790640035	100	0	120
172	1790251296	100	0	100
173	1790380839	54	0	100
174	1790640036	90	54	150
175	1790251296	100	0	100
176	1790596832	3900	67	3955
177	1790640036	4500	0	4500
178	1790510437	3400	0	100
179	1790251296	100	0	104
180	1790251296	100	0	90
181	1790208038	100	70	100
182	1790251296	100	475	100
183	1790251296	100	346	100
184	1790380839	220	1	100
185	1790251296	300	24	300
186	1790251296	100	1	100
187	1790251296	100	5	100
188	1790251296	100	2889	100
189	1790251296	100	0	100
193	1790251296	990000000	0	995000000
194	1790640040	76000000	213	75700000
195	1790251296	2000	0	150
196	1790510437	2000	24	2000
198	1790251296	100	0	100
199	1790251296	150	0	150
200	1790251296	100	0	102
201	1790251296	100	20	100
202	1790251296	100	0	100
203	1790424036	58	0	100
204	1790251296	100	0	104
205	1790251303	180	4	177
206	1790251303	58	0	250
207	1790251302	100	0	100
208	1790251296	100	6	100
209	1790251302	100	26	100
210	1790251296	100	5	100
211	1790208040	100	7	100
212	1790251304	100	3	100
213	1790251296	160	1	160
214	1790596832	900	37	500
215	1790510437	2400	9	2700
216	1790251296	120	0	120
217	1790640037	2400	329	2400
218	1790251296	150	1	150
219	1790251303	63	0	100
220	1790251296	100	0	100
221	1790251296	170	0	170
222	1790251296	100	10	100
223	1790640035	250	7	250
224	1790251296	100	0	100
225	1790251296	210	0	214
226	1790251296	670	0	674
227	1790251295	4000	0	5000
228	1790251296	3400	0	3456
229	1790424036	4000	0	5000
230	1790251296	120	3	120
231	1790510437	27	0	100
232	1790251296	100	0	100
233	1790251304	100	0	100
234	1790553637	110	42	114
236	1790294429	450	20	777
237	1790251296	100	171	100
238	1790251301	100	7177	100
239	1790251297	160	0	160
240	1790251297	160	0	160
241	1790553633	290	1	289
242	1790424036	63	119	100
243	1790424037	63	190	100
244	1790424036	63	0	100
245	1790424036	63	165	100
246	1790424036	63	511	100
247	1790251303	63	5	100
248	1790510440	180	403	184
249	1790251301	130	0	130
250	1790251297	130	0	130
251	1790251297	130	20	130
252	1790251297	120	0	120
253	1790251301	100	22	100
254	1790251302	100	21	100
255	1790251297	130	0	128
256	1790251302	100	20	100
257	1790251303	130	177	132
258	1790251297	1000	0	2000
259	1790251297	100	0	100
260	1790424039	72	152	100
261	1790251297	90	24	100
262	1790251306	2300	14	2000
263	1790251297	100	30	100
264	1790251297	100	0	100
265	1790251296	100	0	100
266	1790596835	100	156	101
267	1790640036	150	520	150
268	1790208038	4200	0	3500
269	1790251302	100	0	50
270	1790251297	100	0	100
271	1790251297	250	183	250
272	1790251297	250	5	250
273	1790251297	250	16	250
274	1790251297	450	0	500
276	1790337640	10000	6	10000
277	1790251297	300	0	300
278	1790251297	300	2	300
279	1790251297	300	15	300
280	1790251297	100	20	100
281	1790251297	660000000	0	500000000
285	1790251297	100	0	100
286	1790251297	100	0	1039
287	1790510437	1700	0	1800
288	1790251296	17000	1	17000
289	1790251301	6900	0	6996
290	1790251296	780	0	787
291	1790553638	2500	0	3098
292	1790251296	100	0	100
293	1790640038	320	194	100
294	1790251301	100	5	100
295	1790251297	150	1	150
296	1790553633	200	0	100
297	1790251297	180	0	100
298	1790251297	180	20	100
299	1790294429	180	0	100
300	1790251301	180	0	100
301	1790640036	63	100	100
302	1790640036	700	39	699
303	1790251297	100	0	100
304	1790596836	310	2611	169
305	1790251297	100	6	100
306	1790251297	100	6	100
307	1790251297	100	8	100
308	1790251297	130	0	130
309	1790251297	130	0	130
310	1790251297	130	0	130
311	1790251297	100	0	100
312	1790251297	160	0	160
313	1790380838	220	2	220
314	1790251297	110	0	108
315	1790510437	110	13	186
316	1790251297	300	35	300
317	1790251297	110	0	108
318	1790640037	230	0	250
319	1790251297	300	49	250
320	1790251303	210	21	212
321	1790640036	390	1	392
322	1790251297	100	29	100
323	1790251297	130	30	136
324	1790251297	170	0	170
325	1790251297	170	90	168
326	1790251297	170	0	172
327	1790467236	2500	2	2498
328	1790251297	100	436	100
329	1790251297	130	0	130
330	1790467236	1700	197	100
331	1790640036	2400	80	2474
332	1790424036	63	159	100
333	1790251297	120	48	120
334	1790251302	130	0	143
335	1790251302	220	0	210
338	1790337640	450	13	500
340	1790251297	220	1	250
341	1790251297	150	0	170
342	1790251297	120	0	130
343	1790251297	210	0	230
344	1790251301	72	2	50
345	1790251296	190	0	190
346	1790640040	900	20119	500
347	1790251297	100	0	104
348	1790251297	180	1	180
349	1790510437	270	0	291
350	1790251297	100	1	100
351	1790553642	3800	2	3800
352	1790251301	150	0	150
353	1790251297	130	3	134
354	1790467239	180	0	700
355	1790251297	220	2	220
356	1790251297	220	1	220
357	1790553637	620	21	125
358	1790640039	600	348	726
359	1790251297	110	1	50
360	1790251297	180	0	180
361	1790251297	180	96	180
362	1790251297	180	234	180
363	1790251297	100	130	100
364	1790251297	100	82	100
365	1790251297	100	80	100
366	1790251297	190	0	190
367	1790251297	190	0	190
368	1790251297	190	0	190
369	1790251297	190	0	190
370	1790251297	190	0	100
371	1790251297	190	0	190
372	1790251297	190	0	190
373	1790251296	190	0	190
374	1790251297	190	0	190
375	1790251295	10000	0	9995
376	1790251295	2900	0	2949
377	1790251301	3300	0	3300
378	1790251302	2000	0	1994
379	1790553637	2000	1	1995
380	1790553633	2000	0	1995
381	1790467239	2000	0	4698
382	1790251302	2000	1	1995
383	1790251302	2000	4	1995
384	1790294429	2000	3	1995
385	1790251302	2000	0	1995
386	1790553637	2000	0	1995
388	1790251297	180	0	184
389	1790251303	7400	0	7446
390	1790467235	3000	1	2500
391	1790251303	4500	0	4400
392	1790424036	2600	0	2000
393	1790251297	190	5	194
394	1790640038	190	3101	190
395	1790251297	190	0	196
396	1790380838	40000	0	40000
397	1790251302	1000	0	3000
398	1790294429	1000	0	1587
399	1790251297	210	4	210
400	1790251301	2900	0	2912
401	1790640036	13000	0	19585
402	1790251297	180	0	180
403	1790251302	180	0	180
404	1790510437	2900	7	2900
405	1790251303	100	0	100
406	1790251297	100	0	100
407	1790251297	12000	0	12400
408	1790596832	15000	13	16000
409	1790251297	100	0	100
410	1790251297	160	0	160
411	1790337648	3000	15	500
412	1790640036	600	10	500
413	1790510437	1600	0	1000
414	1790251297	190	0	190
415	1790251297	200	37	200
416	1790251296	200	0	200
417	1790251297	100	0	100
418	1790640036	750	637	725
419	1790553634	280	113	100
420	1790640038	280	566	100
421	1790251305	400	652	200
422	1790251297	100	40	100
423	1790251297	100	0	100
424	1790294429	400	23	400
425	1790553633	800	1030	799
426	1790510437	1100	20	100
427	1790510439	1000	172	1090
428	1790553633	250	18	250
429	1790510437	4900	3	4895
430	1790251297	120	5	120
431	1790251297	120	1	120
432	1790251297	120	281	120
433	1790251303	100	4	100
434	1790510437	120	0	120
435	1790424037	130	1	120
436	1790424037	1200	1	1250
437	1790424036	11000	0	10930
438	1790251296	11000	1	10980
439	1790553634	21000	3	21000
440	1790424040	21000	13	21390
441	1790251296	1000000	0	1200000
442	1790251301	2000000	0	2000000
443	1790596836	5300	304	5299
444	1790467236	12000	3	11795
445	1790251296	2000	0	3700
446	1790251297	6300	0	6300
447	1790251303	9000	0	9000
448	1790251297	100	1	100
449	1790251297	100	1	100
452	1790251297	100	1	100
455	1790553633	990	235	987
456	1790251303	1000	0	1069
457	1790251297	1300	0	1500
459	1790251297	100	0	100
460	1790337645	110	602	111
461	1790251297	100	2	100
462	1790251297	100	0	100
463	1790251297	100	0	100
464	1790640036	990	245	650
465	1790337641	790	0	888
466	1790337640	720	1	717
467	1790251297	100	0	100
468	1790510438	200	27	100
469	1790251297	100	0	100
470	1790251297	100	0	100
471	1790251297	100	255	100
472	1790251297	190	11	500
473	1790251303	130	0	130
474	1790251297	100	24	50
475	1790251297	130	0	130
476	1790596838	100	979	500
477	1790251301	130	0	130
478	1790337640	10000	0	10000
482	1790337640	900000000000	0	991000000
483	1790337640	5000000000	0	0
484	1790251296	4900000000	0	950000000
487	1790294430	200	1	199
488	1790251297	100	3	100
489	1790251297	310	0	310
490	1790640039	790	247	577
491	1790251297	250	0	250
492	1790596835	620	243	600
493	1790251297	240	1	240
494	1790553633	450	3	500
495	1790251297	100	0	100
496	1790251297	100	0	100
497	1790251297	230	0	236
498	1790251297	100	10	100
499	1790510437	990	0	999
500	1790510437	18000	26	18000
501	1790251297	100	0	111
503	1790251297	160	510	162
504	1790337640	20000	0	19999
505	1790251297	240	0	239
506	1790424037	2200	60	2500
507	1790251302	6700	1	6700
508	1790380839	3000	1	2999
510	1790251303	5800	2	5800
511	1790467236	6400	3	6400
512	1790294431	5000	1	5000
513	1790251305	6800	22	6770
514	1790510437	6400	21	6400
515	1790510437	5900	26	5940
517	1790251297	1800	4	2000
519	1790251297	2700	1	3000
521	1790251296	3600	0	4000
522	1790251301	1100	0	1000
523	1790251296	290	0	585
524	1790251297	110	0	114
527	1790251297	100	0	100
528	1790467235	400	1	398
529	1790208038	7800	0	7777
530	1790251297	100	101	100
531	1790251296	4500	0	5000
532	1790251297	2700	0	3000
533	1790251296	100	1	100
537	1790251297	100	2012	104
538	1790251297	260	0	260
539	1790380842	6900	47	2442
540	1790251297	110	0	108
541	1790251297	240	0	240
542	1790553633	500	534	495
543	1790251297	110	0	116
544	1790337641	200	20	200
545	1790251297	110	111	116
546	1790640036	390	143	400
547	1790596832	400	74	630
548	1790640035	9000	2	11111
549	1790380839	190	64	175
550	1790251297	110	5	114
551	1790380838	600	0	697
554	1790510437	290	20	289
555	1790467237	450	7	399
556	1790251297	120	1	120
557	1790251297	150	0	148
558	1790251297	130	0	128
559	1790251302	100	30	100
560	1790251297	100	0	100
561	1790251302	19000	2	19000
562	1790251297	100	0	100
563	1790251299	100	2	100
564	1790251299	100	17	100
565	1790251299	100	0	100
566	1790510439	2000	465	2000
568	1790251299	200	0	200
569	1790251299	200	0	200
570	1790251301	200	0	200
571	1790294431	25000	5	24444
572	1790251299	900000000	0	650000000
573	1790424037	200	1	200
574	1790251304	190	0	199
575	1790596832	170	1	169
576	1790467235	110	0	115
577	1790467235	160	0	111
578	1790380839	1100	45	1121
579	1790510437	180	0	180
580	1790640036	3500	0	3538
581	1790640036	1100	1	1111
582	1790640036	1700	10	1704
583	1790467235	600	5	350
584	1790424037	5300	46	5283
585	1790510437	2300	19	2300
586	1790337641	310	14	310
587	1790251299	220	10	224
588	1790640041	2700	4396	2750
589	1790251307	850	1105	850
590	1790251303	2600	72	1750
591	1790251308	5000	24	3000
592	1790251297	210	111	214
593	1790337640	230	0	290
594	1790251298	410	1	410
595	1790640036	500	3512	214
596	1790553637	410	554	420
597	1790251301	310	1	310
599	1790553633	100	1	100
600	1790251301	120	1	125
603	1790251299	-1	0	0
604	1790640037	3000	84	2000
610	1790251299	270	0	276
611	1790251299	270	10	270
612	1790553635	290	120	286
613	1790251299	250	0	256
614	1790251299	250	0	256
615	1790640037	600	129	248
616	1790251309	260	137	258
617	1790251299	270	56	274
618	1790251299	280	0	282
619	1790251296	330	0	340
620	1790596832	350	199	349
621	1790251296	280	0	282
622	1790251299	270	13	272
623	1790337642	4900	33	304
624	1790294429	8000	15	3333
625	1790596832	11000	110	11500
627	1790596832	10000	64	10250
628	1790251299	260	17	258
629	1790337641	420	107	420
630	1790251299	290	25	288
631	1790251295	600	0	600
632	1790251299	260	1	264
633	1790251300	330	0	330
634	1790251303	27	0	100
635	1790251300	100	40	48
638	1790424037	2800	0	2849
639	1790640036	140	45	100
640	1790251296	14000	0	100
641	1790467242	400	3940	100
642	1790251300	100	8	100
643	1790337641	800	1	848
645	1790251300	450000000000	0	0
646	1790251300	100	69	100
647	1790251300	450000000000	0	1000000000
648	1790337640	10000000000	0	1000000000
649	1790337640	10000000000	0	1000000000
650	1790337640	10000000000	0	1000000000
654	1790467242	560	365	565
655	1790251300	100	179	100
656	1790251300	200	57	200
657	1790424037	2000	0	2040
658	1790553642	2400	1	1999
659	1790251301	2800	0	2800
660	1790251303	3900	1	3939
661	1790640036	3300	0	3400
662	1790251301	3200	1	3300
663	1790251300	200	2	200
664	1790553633	2000	0	2881
666	1790251299	-1	0	0
668	1790251304	210	8	210
669	1790380843	260	26	3700
670	1790337641	190	65	190
671	1790251298	160	6	160
672	1790640038	100	359	100
673	1790251300	120	0	150
674	1790510439	150	336	148
679	1790251300	230	134	230
680	1790251300	230	70	230
681	1790251300	230	9	230
682	1790251300	230	144	230
683	1790251299	230	23	230
684	1790251300	230	5	230
685	1790251299	-1	0	0
686	1790251300	900	0	1000
687	1790251299	450	1	500
688	1790251296	750	0	749
689	1790251300	2900	0	2838
690	1790251296	400	1	130
692	1790251299	-1	0	0
693	1790251300	100	0	100
694	1790251300	100	0	100
696	1790251298	100	0	100
697	1790553637	500	0	1000
698	1790640036	45000	0	1420000
699	1790251300	50000	0	49997
700	1790251300	100	0	100
701	1790380843	60000	5	60000
702	1790251307	58000	1	57906
703	1790251299	210	0	210
704	1790251300	1000	34	1000
705	1790251300	1000	6	1000
706	1790510439	49000	120	48396
708	1790251303	180	0	900
711	1790251303	7100	1	7099
712	1790337640	1000	1	1250
713	1790251300	900000	1	900000
714	1790640035	1200	1	1200
715	1790251301	2800	0	2000
716	1790424037	2000	0	2000
717	1790251296	120000	0	118245
718	1790294429	2000	0	2000
719	1790251295	40000	0	35500
720	1790251302	35000	0	44899
721	1790251303	2000000	0	2000000
722	1790596834	46000	3	39900
723	1790251300	100	0	100
724	1790337640	230	311	200
725	1790251299	-1	0	1000000000
739	1790251300	100	0	100
740	1790510437	130	0	200
741	1790251300	100	0	3000
742	1790251300	100	271	100
743	1790553633	1000	0	749
744	1790251303	22	1	100
745	1790251299	-1	0	0
747	1790251303	100	6	100
749	1790251300	110	0	110
750	1790251300	130	0	130
751	1790251300	120	0	122
752	1790251300	150	0	150
753	1790251300	110	0	114
754	1790510437	750	1	750
755	1790251300	200	2	200
756	1790251300	200	2	200
757	1790251300	200	1	200
758	1790251301	150	2	150
759	1790380838	700	0	700
760	1790424037	150	0	154
761	1790251303	14000	0	13989
762	1790640036	19000	0	19997
763	1790640036	20000	0	20910
764	1790337640	14000	28	14600
765	1790640036	14000	0	17679
766	1790294429	10000	0	10900
767	1790380839	790	52	795
768	1790467235	100	0	450
769	1790251299	-1	0	0
770	1790251303	5500	1	5500
771	1790510437	850	1	840
772	1790251300	100	0	100
773	1790640038	4500	0	4500
774	1790251303	750	0	750
776	1790251302	190	0	100
777	1790380839	230	1	230
778	1790510438	320	1	320
779	1790251300	210	0	210
780	1790251302	300	1	300
781	1790208040	4000	0	4999
783	1790553637	90000000	0	90000000
784	1790251303	10000000000	0	1000000000
786	1790424036	63	179	100
787	1790251300	100	725	100
788	1790251300	130	0	130
789	1790251300	150	0	150
790	1790251298	150	7	156
791	1790251300	-1	0	0
793	1790380838	1600	108	1600
794	1790251304	940	12	939
795	1790251303	10000000000	0	1000000000
796	1790251300	-1	0	0
797	1790251300	230	83	230
798	1790251300	230	0	230
799	1790251303	230	70	230
800	1790251300	100	0	100
801	1790251300	100	13	102
804	1790251300	100	12	104
805	1790251300	100	0	100
806	1790337640	270	0	272
807	1790424037	270	0	274
808	1790380838	400	1	400
809	1790251296	140	0	191
810	1790596832	310	0	319
811	1790251300	210	0	210
812	1790251300	250	1	252
813	1790337647	140	0	9995
814	1790251305	140	0	146
815	1790510437	750	57	400
816	1790251300	220	0	547
817	1790251300	260	0	260
819	1790337640	200	20	200
820	1790251298	120	20	120
821	1790251299	120	2	120
822	1790208042	200	33	200
823	1790640035	360	183	120
824	1790251301	120	143	120
825	1790251303	150	13	120
826	1790251296	190	55	190
827	1790510437	300	206	299
828	1790640038	370	10	152
829	1790640036	27	48	40
830	1790251298	150	2	154
831	1790251305	130	20	130
832	1790208044	920	82	925
833	1790640035	200	0	240
834	1790640035	190	0	190
835	1790251300	180	0	180
836	1790251300	150	0	156
837	1790251302	10000000000	0	1000000000
838	1790251300	-1	0	0
839	1790251303	10000000000	0	1000000000
840	1790251300	-1	0	0
841	1790251300	140	0	144
842	1790251299	120	1	120
843	1790553633	1400	6383	1500
844	1790251299	110	0	114
848	1790251300	150	0	150
849	1790251300	150	1	150
850	1790251300	150	0	150
851	1790380842	200	1	218
852	1790251299	150	0	150
853	1790251299	1600	3	1600
854	1790251300	150	0	150
855	1790251303	380	0	383
856	1790251300	150	0	150
857	1790251296	620	0	500
858	1790596832	450	0	450
859	1790596832	420	0	420
860	1790251300	150	0	150
861	1790380840	950	1	970
862	1790380840	800	0	890
863	1790251303	330	0	333
864	1790294431	150	0	395
865	1790596833	800	169	804
866	1790294429	100	0	100
867	1790251300	100	47	100
869	1790380838	200	0	100
871	1790251302	180	0	179
873	1790251299	360	0	500
874	1790251300	360	0	500
875	1790467235	150000000	0	125000000
876	1790467235	750000000	0	720000000
877	1790596832	160000000	0	143499999
878	1790251303	200000000	0	162000000
880	1790251300	190	0	190
881	1790251295	560	1	651
882	1790251296	150	0	150
883	1790251299	200	0	200
884	1790251300	120	0	120
885	1790251296	130	0	130
886	1790251302	170	0	174
887	1790251296	1000	0	999
888	1790640036	1800	0	1867
889	1790596832	120	0	110
890	1790251300	130	887	130
893	1790251300	180	0	180
894	1790251301	-1	0	0
895	1790380838	500000000	0	250000000
896	1790251304	36000000	0	33900000
897	1790251297	-1	0	4294967295
898	1790251303	500000000000	0	0
899	1790251296	999999999999	0	1000000000
900	1790251296	1000	0	1100
901	1790251299	400	0	400
902	1790424036	6600	0	8888
903	1790251303	10000000000	0	1000000000
904	1790251300	-1	0	0
905	1790251300	100	11	100
906	1790251300	100	0	100
907	1790251300	100	59	100
908	1790251300	100	20	100
909	1790251300	100	0	100
910	1790251300	100	0	111
911	1790251300	100	110	100
912	1790251300	100	0	100
913	1790251300	100	30	100
914	1790251296	800000000000	0	0
915	1790251295	1000	0	1200
918	1790251300	-1	0	0
919	1790251300	-1	0	0
920	1790251301	-1	0	0
921	1790424037	8300000	0	6900000
922	1790640036	24000000	0	20000000
923	1790251303	1400000	0	1234567
924	1790380840	120000000000	0	0
925	1790251296	4800	0	4800
926	1790380842	1100	151	1100
927	1790251303	10000000000	0	1000000000
931	1790251301	100	72	100
932	1790380839	100	13	101
933	1790251301	100	0	100
934	1790251301	100	126	100
935	1790640038	3100000	1	2111111
936	1790337640	7800000	0	7500000
937	1790510443	1200	1	150
938	1790467237	41000000	1	35500000
939	1790251299	790000000	0	0
940	1790380839	70000000	0	69000000
941	1790251299	400000000	0	549556000
942	1790380843	35000000	2	35000000
943	1790380842	32000000	0	29000000
944	1790337640	40000000	1	40000000
945	1790251296	-1	0	333333000
946	1790251295	450000000	0	0
947	1790251299	-1	0	0
948	1790251301	990000000	0	377000000
949	1790553642	450000000	0	245245000
950	1790251301	290000000	0	23333332
951	1790251296	50000000000	0	1000000000
952	1790294433	3900000	1	2900000
953	1790251301	4000	0	4444
954	1790251302	30000000000	0	0
955	1790510437	45000	0	47754
956	1790251301	150	6	150
957	1790251301	140	0	142
958	1790251301	120	234	124
959	1790510437	900	34	900
960	1790337640	200	15	200
961	1790251302	-1	0	0
962	1790251301	15000	0	15000
963	1790294429	1600	0	1600
964	1790251301	1500	0	1515
965	1790596835	110000	7	80500
966	1790251305	2000	0	1500
967	1790251303	4000	0	3998
968	1790337640	4700	0	4700
969	1790424039	510	0	520
970	1790380839	8000	2	7999
971	1790251304	1900	12	1969
972	1790467236	2300	0	2000
973	1790510440	570	0	499
974	1790467238	720	0	500
975	1790424040	480	2	400
976	1790510437	460	3	400
977	1790380842	480	1	480
978	1790510438	790	2	100
979	1790640036	560	0	600
980	1790424037	970	0	969
981	1790467240	660	0	753
982	1790424037	550	0	550
983	1790467238	600	0	630
984	1790380839	510	0	520
985	1790380842	890	0	900
986	1790337640	420	1	404
987	1790294430	910	2	920
988	1790467238	430	3	400
989	1790337640	18000	0	17999
990	1790467235	1900	1	1900
991	1790510437	90000000	0	99000000
992	1790251303	79000000	0	79000000
993	1790251303	70000000	0	50000000
994	1790251296	64000000	0	55000000
995	1790640039	6500	698	7000
998	1790640036	72	27	4900
999	1790553633	9800	1	9700
1000	1790337644	7000	19	440
1003	1790251304	63	0	100
1004	1790251301	100	11	100
1005	1790251301	100	2	5
1006	1790251301	120	1025	120
1007	1790251301	100	25	48
1008	1790251299	100	15	48
1009	1790640036	200	1026	197
1010	1790251299	130	4	130
1011	1790251301	130	0	130
1012	1790251301	130	0	130
1013	1790251301	130	2	130
1014	1790424038	130	0	131
1015	1790251296	130	0	130
1016	1790251301	230	6	230
1017	1790251301	230	0	230
1018	1790251301	230	6	230
1019	1790251303	760	3	760
1020	1790251299	180	16	180
1021	1790251299	180	0	180
1022	1790251295	180	0	180
1023	1790251296	-1	0	560666000
1024	1790251296	-1	0	0
1025	1790251301	-1	0	470320000
1026	1790251301	100	0	100
1027	1790251301	90	0	100
1028	1790251301	90	0	100
1029	1790337640	290	0	600
1030	1790596832	2500	0	2250
1031	1790467235	280	0	990
1032	1790208038	3700	0	3000
1033	1790424037	600	0	120
1034	1790294429	280	0	800
1035	1790380838	1700	0	1834
1036	1790251303	280	0	280
1037	1790510437	40000	0	35000
1038	1790467235	970	104	970
1040	1790251296	1200000000	0	2000000000
1041	1790510437	2400	3	2374
1042	1790380843	50000	0	77695
1043	1790380843	50000	0	59154
1044	1790337643	50000	0	64965
1045	1790251301	50000	0	50000
1047	1790251302	-1	0	0
1048	1790337644	100	3	100
1049	1790251303	2800	0	2500
1050	1790294429	2600	0	1850
1051	1790251304	1700	0	1712
1052	1790553632	1500	0	1250
1053	1790208038	1700	0	1250
1054	1790640036	2600	0	1300
1055	1790251304	4500	0	6250
1056	1790251302	2200	0	1800
1057	1790208038	1800	0	1800
1058	1790251303	1000	0	1111
1059	1790596832	590	0	585
1060	1790208038	2900	0	2806
1061	1790251303	2500	1	2882
1062	1790467235	4100	0	3333
1063	1790596832	430	0	435
1064	1790251303	750	0	555
1065	1790424037	900	0	444
1066	1790251296	2000	0	2875
1067	1790510437	660	0	790
1068	1790380838	5000	1	7268
1069	1790510437	5000	0	6446
1070	1790380839	3000	1	3332
1071	1790380838	350	3	347
1072	1790251303	1800	0	1849
1073	1790467235	800	0	777
1074	1790380843	780	0	100
1075	1790553633	3100	0	100
1076	1790251303	900	0	897
1077	1790251303	750	0	750
1078	1790251304	1200	0	1599
1079	1790251303	1400	0	1400
1080	1790251301	270	0	300
1081	1790251300	-1	0	0
1082	1790510437	3500	0	3500
1083	1790251295	7800000000	0	1000000000
1084	1790251301	4500	0	4555
1085	1790251301	4500	0	4495
1086	1790337640	2000	0	1998
1087	1790251301	6000	0	6468
1088	1790251302	12000	0	11995
1089	1790510438	7200	4	7263
1090	1790510438	6100	0	6222
1091	1790510438	6400	6	6387
1092	1790251303	13000	4	13480
1093	1790251301	5100	0	4500
1094	1790510439	15000	24	14978
1095	1790251303	18000	1	17990
1096	1790251303	20000	0	19794
1097	1790251301	22000	0	22000
1098	1790337640	73000	0	71999
1099	1790251299	17000	0	17000
1100	1790251302	7400	0	5000
1101	1790467236	570	0	690
1102	1790251301	150	0	150
1103	1790251304	14000	0	14270
1104	1790251301	150	0	150
1105	1790251301	21000	0	21995
1106	1790251302	19000	0	18995
1107	1790251301	19000	1	18995
1108	1790251301	17000	0	16995
1109	1790251301	100000000	0	99999996
1110	1790251302	37000000	0	37000500
1111	1790380838	17000	12	16500
1112	1790510437	17000	16	16995
1113	1790251296	15000	20	10000
1114	1790251301	500	0	141
1115	1790251301	140	0	140
1116	1790251296	150	1	151
1123	1790251301	100	0	100
1124	1790251296	6600	3	6665
1126	1790510437	190	0	650
1127	1790251299	100	0	100
1128	1790467235	3400	4	3400
1129	1790380840	5000	0	7990
1130	1790251300	-1	0	0
1131	1790251300	-1	0	1000000000
1133	1790251295	2600	0	2650
1134	1790424036	9900	0	7500
1135	1790424036	500	22	500
1136	1790251301	100	25	100
1137	1790251296	190	0	666
1138	1790380839	21000	76	21000
1139	1790467235	210	13	211
1140	1790251303	420	2	424
1141	1790251303	180	30	179
1142	1790251303	180	16	180
1143	1790596832	220	71	221
1144	1790251303	220	1	217
1145	1790251303	180	7	180
1146	1790251303	180	1	179
1147	1790251303	260	0	259
1148	1790251301	100	0	100
1149	1790251301	100	0	100
1150	1790251307	850000	23	850000
1151	1790251299	410	0	410
1152	1790424036	890000000	0	895000000
1153	1790251301	120000	0	115000
1154	1790596832	1900000	1	1940000
1157	1790251301	550	0	567
1158	1790251302	270	40	100
1159	1790251301	100	0	100
1160	1790251301	110	0	110
1161	1790596832	160	772	989
1162	1790251299	270	10	100
1163	1790251303	270	0	100
1164	1790424037	4400	1	4300
1165	1790424037	10000	0	10000
1166	1790251302	330	0	332
1222	1790251301	450000000	0	400000000
1223	1790251300	-1	0	0
1236	1790251296	320000000	0	240000000
1238	1790251296	100	0	100
1239	1790380840	550	0	549
1240	1790380840	800	0	849
1241	1790640042	180000	47	200000
1242	1790251301	55000000000	0	2500000000
1243	1790251301	1200	0	1212
1251	1790251301	100	0	100
1252	1790251296	100	0	50
1253	1790510437	1900	1	1950
1254	1790251301	100	0	100
1255	1790251301	120	0	120
1256	1790251301	180	166	150
1257	1790251301	100	0	100
1260	1790640037	510000000	0	400000000
1261	1790251299	450	0	500
1262	1790251300	-1	0	0
1263	1790467235	8900000000	0	3400000000
1264	1790251296	150	0	150
1273	1790337641	100	6	100
1275	1790251296	3900	0	3873
1276	1790251302	-1	0	4294970000
1277	1790251301	6100	0	6099
1278	1790294429	750	0	1251
1279	1790251307	1000	0	2490
1280	1790337640	25000	0	39680
1281	1790251302	3000	0	3390
1282	1790251303	1500	0	2500
1283	1790380838	3500	0	4771
1284	1790251301	1500	0	2595
1285	1790251302	3200	0	3000
1286	1790251302	3500	0	5875
1287	1790380838	3900	0	2500
1288	1790251301	440	0	434
1289	1790640038	2300	1	1750
1291	1790337640	1000000000	0	1500000000
1292	1790251299	90	0	100
1293	1790251301	180	0	180
1294	1790251296	180	0	180
1295	1790251301	180	0	180
1296	1790553637	720	0	2300
1297	1790553632	690	0	725
1298	1790467236	850	2	850
1300	1790251303	2600	2	2660
1301	1790251296	1000	20	999
1302	1790640036	150	499	149
1304	1790251303	2500000000	0	1000000000
1305	1790251301	9500	0	9250
1307	1790251296	4000000000	0	1000000000
1308	1790251296	10000000000	0	1000000000
1309	1790251296	1000	0	1000
1310	1790251303	350	0	349
1311	1790251301	500000000	0	323232000
1317	1790251301	150	0	150
1318	1790251304	110	0	111
1319	1790251301	100	0	100
1320	1790251299	800000	0	800000
1321	1790640040	470000	1	179001
1322	1790294431	190000000	0	200000000
1323	1790251301	77000000	0	75000000
1324	1790467235	80000000	1	77000000
1325	1790424038	80000000	1	80000000
1326	1790251301	100	0	100
1327	1790208038	2500	0	2000
1328	1790251301	100	0	100
1329	1790251295	400	0	400
1330	1790294429	550	0	566
1331	1790640035	100	1	100
1332	1790251303	400	0	400
1333	1790294431	400	0	400
1334	1790251301	100	0	104
1335	1790251301	300	0	300
1336	1790251301	300	0	300
1338	1790294429	260	0	2400
1339	1790251301	260	0	264
1340	1790640036	110	2	100
1341	1790251303	100	0	100
1342	1790640037	6400	0	6695
1343	1790467240	12000	25	6000
1344	1790251301	100	0	100
1345	1790380842	100	52	100
1346	1790251301	100	3	100
1347	1790251301	50000	0	50000
1348	1790251301	35000	0	35000
1349	1790251296	19000000000	0	3000000000
1350	1790380839	3300	0	4111
1351	1790251299	200	0	200
1352	1790251301	120	0	120
1358	1790251299	110000	0	120000
1359	1790380842	70000	3	70000
1360	1790251301	120000	0	270000
1361	1790251301	100	0	200
1363	1790251303	19000	0	10498
1364	1790510437	250	1	310
1365	1790337640	500	4	496
1366	1790251301	100	1	100
1367	1790510437	240	13	242
1368	1790251305	170	112	175
1369	1790467235	180	27	180
1370	1790380838	4800	0	5000
1371	1790251296	750	0	749
1372	1790251296	210	0	210
1373	1790251301	3000000000	0	1400000000
1374	1790251303	2000	0	3000
1375	1790251301	25000	2	22500
1376	1790640036	13000	1	11000
1377	1790251309	2500	7	2000
1378	1790596840	10000	1	1000
1379	1790510443	4000	3	3998
1381	1790596832	270000	0	274900
1382	1790467236	29000	39	29000
1383	1790251301	100	0	100
1384	1790251301	100	0	100
1385	1790251303	110	0	107
1386	1790251301	100	0	100
1387	1790251301	100	0	100
1388	1790640036	8600	0	19016
1389	1790251301	100	0	100
1390	1790251301	100	0	100
1391	1790294429	100	3	100
1392	1790596832	950	0	950
1393	1790208040	4400	0	750
1394	1790251302	8700	0	9868
1395	1790251303	28000	0	22222
1396	1790251303	44000	0	44499
1397	1790251296	55000	0	158
1398	1790553638	660000	15	666666
1399	1790251301	22000	0	50000
1400	1790251296	8000	0	8006
1401	1790640036	680000	0	890000
1402	1790251304	280000	0	290000
1403	1790553633	9500000	0	10000000
1404	1790337640	45000000	0	10000000
1405	1790596832	20000000	0	12500000
1406	1790294429	1000	0	999
1407	1790337640	300	0	100
1408	1790640036	400	0	100
1410	1790337641	6000	2	5990
1411	1790251302	3200000000	0	2500000000
1412	1790640037	570	182	580
1413	1790337643	5200	45	5200
1414	1790640036	570	185	573
1415	1790640036	10000	473	9990
1416	1790640038	2200	96	2200
1417	1790640036	54000	34	53889
1418	1790251303	150	0	150
1419	1790251302	150	0	150
1423	1790251304	310000000	0	29000000
1424	1790251296	140000000	0	100000000
1425	1790251301	270000000	0	141200000
1426	1790251304	550000000	0	130000000
1427	1790251303	240000000	0	141200000
1429	1790640036	25000	0	26290
1433	1790640036	280000	0	292010
1434	1790251299	38000	0	38000
1435	1790380840	1000	0	1111
1436	1790251302	1500000	0	5900000
1437	1790251301	100	0	100
1438	1790251301	100	66	100
1439	1790251300	100	4	100
1440	1790251300	100	12	100
1441	1790251301	100	22	100
1442	1790251300	100	11	100
1443	1790251296	100	1	100
1444	1790251301	120	106	120
1445	1790251304	160	240	160
1446	1790208038	170	110548	170
1447	1790467235	170	71	170
1448	1790251303	150	227	150
1449	1790640035	180	1893	179
1450	1790596836	370	6661	369
1451	1790640036	710	8060	715
1452	1790640036	980	2547	985
1453	1790640036	1400	3449	1390
1454	1790640038	950	3520	950
1455	1790640037	910	2699	913
1461	1790553636	390	1	409
1462	1790251301	100	1	100
1463	1790251301	200	0	199
1464	1790294429	140	0	595
1465	1790251301	270	0	100
1466	1790251303	670	0	251
1467	1790510437	470	2	140
1468	1790640036	810	0	240
1469	1790424038	1000	0	1022
1470	1790251303	540	0	550
1471	1790251301	400	0	120
1472	1790251301	740	0	220
1473	1790251303	880	0	925
1474	1790640036	1000	0	1022
1475	1790510437	270	2	100
1476	1790251301	470	0	140
1477	1790251301	610	0	180
1478	1790251299	810	1	100
1479	1790251301	1000	0	300
1480	1790251303	200	0	100
1481	1790251301	340	0	100
1482	1790251302	540	0	261
1483	1790596832	740	0	220
1484	1790596832	940	25	629
1485	1790251301	240	1	240
1488	1790251296	5100000000	0	1000000000
1489	1790251302	2500	0	3000
1490	1790251296	160	0	160
1491	1790251301	220	0	220
1492	1790251301	220	0	224
1493	1790251299	240	0	200
1494	1790640036	100	751	110
1496	1790553637	11000	56	11000
1497	1790640038	12000	18	11911
1498	1790553633	9000000000	0	1000000000
1512	1790251300	220	27	250
1513	1790251301	270	0	300
1514	1790251299	180	58	200
1515	1790251300	130	46	150
1519	1790251304	110000000	0	137373731
1527	1790467236	300	6	300
1528	1790251301	3400	0	3400
1529	1790251301	200000	0	220000
1530	1790208038	200000	0	200000
1531	1790251302	130000	0	130000
1532	1790251303	130000	0	130000
1533	1790208038	89000	0	90000
1536	1790251301	2700000000	0	1000000000
1537	1790424037	150	0	398
1539	1790251302	1200000000	0	1500000000
1540	1790251301	-1	0	1000000000
1541	1790251301	-1	0	0
1542	1790251301	-1	0	0
1543	1790251301	-1	0	0
1544	1790251301	-1	0	0
1545	1790251301	-1	0	0
1546	1790251301	-1	0	0
1547	1790251299	3600	0	4000
1548	1790251301	3600	0	4000
1549	1790251295	900	51	1000
1551	1790553634	200	31	200
1552	1790294429	200	3	189
1553	1790510437	170	11	150
1554	1790640036	190	64	195
1555	1790553637	190	3	190
1556	1790640036	170	28	199
1557	1790251301	140	8	140
1558	1790596834	200	326	199
1559	1790467235	190	143	188
1560	1790596836	320	19	345
1561	1790251301	140	1	140
1562	1790510437	150	568	150
1563	1790251301	260	1	260
1564	1790251301	260	12	260
1565	1790251301	260	0	260
1566	1790380840	300	20	260
1567	1790251301	260	12	260
1568	1790251301	260	20	260
1569	1790251296	260	12	260
1570	1790251301	260	3	260
1571	1790251296	260	0	260
1572	1790640036	1200	22	1190
1573	1790640035	1100	12	1100
1574	1790251296	260	0	260
1575	1790380840	350	114	350
1576	1790640036	2300	28	2322
1577	1790467242	720	227	717
1578	1790380841	490	479	390
1579	1790640036	1300	37	1333
1580	1790424037	1300	42	1287
1581	1790467240	690	103	693
1582	1790467243	670	2067	670
1583	1790251296	320	63	320
1584	1790553633	2500	103	2500
1585	1790640036	2200	80	2198
1586	1790510440	650	191	650
1587	1790640038	700	110	700
1588	1790553635	770	63	776
1589	1790467236	700	86	700
1590	1790640036	790	500	800
1591	1790640036	720	45	725
1592	1790640037	4200	710	4500
1593	1790640036	4200	512	4590
1594	1790424040	5400	162	5470
1595	1790640038	6000	492	7050
1596	1790640038	6000	1797	6990
1606	1790640038	150000000	0	90000000
1607	1790251301	100	9	100
1608	1790510440	550	236	590
1609	1790596832	100	98	100
1610	1790596832	430	143	434
1611	1790251301	100	40	100
1612	1790640036	190	3	200
1613	1790251300	110	0	110
1614	1790251301	170	0	170
1615	1790251296	33000	0	30000
1616	1790251303	39000	0	39332
1617	1790251303	15000	0	17290
1618	1790640036	37000	58	37500
1619	1790251303	25000	0	25300
1620	1790251295	6000	0	11400
1621	1790380842	1500000000	0	950000000
1622	1790640038	5000	724	5057
1623	1790251299	150	0	150
1624	1790640036	4700	110	4000
1625	1790596832	1400	16	1390
1626	1790337640	600	12	600
1627	1790553633	340	1	349
1628	1790380838	6100	134	6100
1629	1790251303	7500	0	3500
1630	1790467243	500	1	110
1631	1790251296	18000	0	18499
1635	1790640036	2400	559	2100
1637	1790294431	450	5	454
1638	1790251301	200	21	200
1639	1790251302	400	5	399
1640	1790251296	290	7	290
1641	1790424039	390	14	390
1642	1790251301	190000000	0	88888888
1643	1790424036	120000000	0	95000000
1644	1790380838	3600	0	3600
1645	1790640036	5400	1	5471
1646	1790337640	4500	0	4500
1647	1790337640	6000	0	6000
1648	1790251303	4100	0	4143
1650	1790640040	1900	9570	100
1651	1790251301	100	1	100
1652	1790251301	110	0	108
1653	1790251303	300000000	0	300000000
1655	1790251301	120	0	120
1657	1790424039	72	0	67
1658	1790424039	72	2	282
1659	1790424039	72	5	100
1660	1790424039	72	0	100
1661	1790251296	890000000	0	400000000
1662	1790251296	950000000	0	355000000
1663	1790251301	900000000	0	500000000
1664	1790251301	550000000	0	200000000
1665	1790251296	450000000	0	300000000
1666	1790251296	980000000	0	250000000
1668	1790251303	990	0	900
1669	1790251301	1000	0	1768
1673	1790251301	100	2	100
1675	1790251301	100	5	100
1676	1790251301	100	0	100
1677	1790251301	100	2	66
1679	1790251296	750	0	748
1680	1790424037	130	0	750
1681	1790467235	130	0	561
1682	1790424036	700	1	700
1683	1790424036	750	0	750
1684	1790251302	750	0	400
1685	1790294431	400	0	748
1686	1790596832	750	0	400
1687	1790380838	430000000	0	415000000
1688	1790337640	130	0	749
1690	1790251301	410	0	410
1691	1790510437	550	1	540
1692	1790380840	330	0	100
1693	1790251299	100	2	100
1694	1790251302	100	21	100
1695	1790640036	440	52	445
1696	1790251301	130	0	132
1697	1790251301	130	0	132
1698	1790251301	130	0	132
1699	1790251301	170	0	168
1700	1790251301	170	0	168
1701	1790251301	170	0	168
1702	1790510439	100	139	100
1703	1790251302	2100000000	0	2100000000
1704	1790251305	470	0	498
1705	1790251301	100	5	100
1706	1790251295	750	0	1108
1707	1790251301	2000	0	2800
1708	1790251303	490	3	490
1709	1790640035	160	0	160
1710	1790380842	1000	0	8888
1711	1790337640	19000	0	18881
1712	1790294429	150	0	700
1713	1790380839	160	0	897
1714	1790640036	580	1	500
1715	1790251307	100	0	500
1716	1790251302	1000	0	1500
1717	1790294429	750	0	1499
1718	1790294429	1000	0	2001
1719	1790380839	120	0	1500
1720	1790208038	100	0	199
1721	1790596832	10000	1	9000
1722	1790251296	1200	0	1897
1723	1790467235	750	0	1400
1725	1790251303	900	0	1000
1726	1790251299	900	0	1000
1727	1790251299	900	0	1000
1728	1790251301	2100	0	2100
1729	1790251301	3200	0	3210
1730	1790208038	8700	0	8994
1731	1790640041	1300	4	280
1732	1790251302	23000	0	23493
1733	1790596832	750	0	2250
1734	1790251302	79000	2	78987
1735	1790596832	3000	0	7000
1736	1790294429	5500	0	6571
1737	1790380838	1000	0	2500
1738	1790251301	5500	0	6399
1739	1790337641	4000	0	19900
1740	1790467235	4000	0	250
1741	1790251295	6300	0	6273
1742	1790640036	4500	0	8998
1743	1790251296	4000	0	4320
1744	1790251295	4000	0	4883
1745	1790294429	5000	0	4000
1746	1790640035	4000	0	5884
1747	1790553633	750	0	1750
1748	1790251296	6000	0	9000
1750	1790251301	100	0	100
1751	1790251301	100	0	100
1752	1790251301	100	0	100
1753	1790251301	100	0	100
1754	1790251301	130	0	65
1755	1790251301	170	0	170
1756	1790251301	190	0	190
1757	1790251301	210	0	210
1758	1790251301	1400	0	1400
1759	1790424036	2000	0	11997
1760	1790251304	5000	0	2000
1761	1790510437	7000	0	300
1762	1790640038	5200	0	300
1763	1790510437	2200	0	300
1767	1790251296	160	0	160
1768	1790510437	6500	0	300
1769	1790251301	100	0	100
1770	1790553633	490	0	135
1771	1790251303	130	0	130
1772	1790251301	120	0	120
1773	1790251301	130	0	130
1774	1790251301	130	0	130
1775	1790251300	100	0	100
1776	1790251301	110	0	110
1777	1790251301	130	0	130
1778	1790251301	120	15	120
1779	1790251301	130	0	130
1780	1790640036	250	3	240
1781	1790294429	1500	0	1250
1782	1790380838	2000	0	2200
1783	1790251301	100	0	100
1784	1790553637	700	2	480
1785	1790251302	260	0	260
1786	1790596832	1500	0	2000
1787	1790640040	1900	772	1980
1788	1790553637	450	0	570
1789	1790251302	9000	0	8400
1790	1790251301	110	0	110
1791	1790596832	110	2	110
1792	1790251304	170000000	0	150000000
1793	1790251299	130	0	130
1794	1790640040	750	385	500
1795	1790553635	680000000	0	690000000
1796	1790251302	750	0	750
1798	1790553633	1800	190	500
1800	1790640038	5000	3	5000
1801	1790553634	100000	2	100000
1802	1790380838	100	1	100
1803	1790251303	100	1	100
1804	1790251304	100	0	299
1805	1790640035	100	1	100
1806	1790596832	100	1	100
1807	1790251303	100	0	100
1808	1790596832	100	1	100
1809	1790640035	100	1	100
1810	1790640036	100	3	100
1811	1790337641	100	1	100
1812	1790251303	100	0	100
1813	1790467235	100	2	100
1814	1790294430	100	1	100
1815	1790596832	100	1	100
1816	1790337641	100	2	100
1817	1790380838	100	1	100
1818	1790596832	100	1	100
1819	1790596832	100	1	100
1820	1790380842	100	1	100
1821	1790640035	100	1	100
1822	1790424036	100	1	100
1823	1790596832	100	1	100
1824	1790640035	100	1	100
1825	1790510437	100	1	100
1826	1790596832	100	2	100
1827	1790596832	100	1	100
1828	1790424039	100	2	100
1829	1790596832	100	1	100
1830	1790380838	100	1	100
1831	1790424036	100	1	100
1832	1790424036	100	1	100
1833	1790596832	100	1	100
1834	1790467235	100	2	100
1835	1790640038	100	3	100
1836	1790424045	10000	1	9999
1837	1790596832	100	1	100
1838	1790251303	100	1	100
1839	1790553633	100	3	100
1840	1790596832	100	2	100
1841	1790251303	100	0	100
1842	1790640035	100	1	100
1843	1790424038	100	2	100
1844	1790553632	100	1	100
1845	1790251303	100	0	100
1846	1790251303	100	0	100
1847	1790553632	100	3	100
1848	1790596832	100	2	100
1849	1790640035	100	1	100
1850	1790596832	300	4	300
1851	1790596832	100	2	100
1852	1790251303	11000	0	7500
1853	1790596832	100	2	100
1854	1790596832	100	2	100
1855	1790596832	100	1	100
1856	1790596832	100	2	100
1857	1790251303	100	0	100
1858	1790251303	19000	1	18181
1859	1790596832	100	2	100
1860	1790467235	100	1	100
1861	1790251303	100	0	100
1862	1790380838	100	1	100
1863	1790553636	100	4	500
1864	1790467235	100	2	100
1865	1790596832	100	2	100
1866	1790553636	100	3	100
1867	1790596832	100	2	100
1868	1790596832	100	1	100
1869	1790596832	100	1	100
1870	1790596832	100	1	100
1871	1790596832	100	1	100
1872	1790596832	100	1	100
1873	1790640038	100	6	2999
1874	1790251303	100	0	100
1875	1790596832	100	1	100
1876	1790251303	100	0	100
1877	1790596832	100	1	100
1878	1790640035	100	1	100
1879	1790596832	100	2	100
1880	1790424036	100	2	100
1881	1790251303	100	0	100
1882	1790553633	100	1	100
1883	1790251303	100	0	100
1884	1790251303	100	1	100
1885	1790424036	100	2	100
1886	1790596832	100	2	100
1887	1790640036	100	2	100
1888	1790251303	100	1	100
1889	1790596832	100	2	100
1890	1790251305	100	1	100
1891	1790596832	100	1	100
1892	1790424036	100	1	100
1893	1790596832	100	1	100
1894	1790553633	100	3	100
1895	1790251303	100	1	100
1896	1790251303	100	0	100
1897	1790251305	100	1	100
1898	1790380839	100	2	100
1899	1790596832	100	5	100
1900	1790251301	130	4	130
1901	1790251301	130	3	130
1902	1790251302	130	1	130
1903	1790251301	130	5	130
1904	1790251301	130	6	130
1905	1790553634	390	99	130
1906	1790251301	130	3	130
1907	1790251299	130	16	130
1910	1790424037	9000	0	400
1911	1790251304	17000	0	16998
1912	1790251301	6400	0	6382
1913	1790251300	1700	0	1684
1914	1790251300	4300	0	4314
1915	1790510438	4500	0	100
1917	1790251295	500	0	499
1918	1790510437	800	0	798
1921	1790251301	130	0	130
1922	1790251301	100	0	100
1923	1790596832	100	500	100
1927	1790251303	16000	0	16985
1928	1790251301	310	0	300
1929	1790251301	220	19	220
1930	1790251301	220	22	220
1931	1790251301	220	19	220
1932	1790251301	220	17	220
1933	1790251301	180	0	180
1934	1790251301	240	0	240
1935	1790380838	8300	0	30000
1936	1790251303	2000	0	1500
1937	1790251301	440	0	438
1938	1790510439	850	0	500
1939	1790251302	110	0	110
1940	1790251303	170	3	170
1941	1790251302	550	0	534
1942	1790510437	400	0	498
1943	1790251301	400	0	400
1944	1790251303	500	0	450
1945	1790510437	2800	0	3332
1946	1790208038	500	0	400
1947	1790251301	180	0	180
1948	1790251301	200	0	200
1949	1790251299	240	0	240
1950	1790553632	950	0	950
1951	1790251301	250	0	250
1952	1790251301	100	0	100
1953	1790251301	130	0	132
1954	1790208042	1000	89	1000
1956	1790251301	130	0	128
1957	1790251301	150	6	150
1958	1790251301	130	7	130
1959	1790510441	250	467	250
1960	1790251301	170	20	170
1961	1790251302	100	0	100
1962	1790251301	100	0	100
1963	1790251301	100	0	100
1964	1790640040	56000	28	54999
1965	1790510437	260	219	269
1967	1790251296	8000000000	0	2468024680
1968	1790424037	4900	0	7777
1969	1790424037	20000	0	22222
1970	1790251296	15000000000	0	999944000
1971	1790251303	100000000	0	85000000
1972	1790380839	700	10	725
1998	1790294430	19000	0	15000
1999	1790251301	100	0	100
2000	1790251296	20000	0	23689
2001	1790251296	52000	0	57855
2002	1790251296	34000	0	34495
2003	1790640036	29000	0	32847
2004	1790640036	31000	0	30000
2005	1790640036	19000	0	19000
2006	1790640036	25000	0	25987
2007	1790251296	33000	0	33379
2008	1790251303	20000	0	15000
2009	1790640036	15000	0	16229
2010	1790640036	21000	0	19999
2011	1790640036	34000	0	36995
2012	1790640036	20000	0	21190
2013	1790251302	18000	0	18181
2014	1790640036	18000	0	27012
2015	1790380839	22000	0	30000
2019	1790640036	5000	15	100
2020	1790251299	160	0	160
2021	1790251299	100	6	111
2022	1790251301	110	0	110
2023	1790251301	170	535	170
2024	1790251301	140	0	144
2025	1790251301	140	0	146
2026	1790251301	260	0	260
2027	1790251301	250	0	250
2028	1790251296	390	2	390
2029	1790337641	600	121	650
2030	1790640036	1100	2	1000
2031	1790337641	1200	172	1200
2032	1790596832	630	80	629
2033	1790553633	1800	80	1800
2034	1790596833	600	176	598
2040	1790251301	300	0	300
2041	1790251301	300	0	300
2042	1790251301	300	0	300
2043	1790337640	800	20	800
2045	1790251301	170	0	170
2046	1790510440	170	0	1700
2047	1790251301	170	0	170
2049	1790251299	170	0	170
2053	1790251301	150	0	150
2055	1790251299	150	0	150
2056	1790251301	150	129	150
2057	1790251299	420	0	424
2058	1790510437	900	0	1000
2059	1790251301	100	0	100
2060	1790424036	660	2	750
2061	1790510437	660	1	665
2062	1790510437	650	1	655
2063	1790251301	140	4286	140
2065	1790596832	400	172	400
2066	1790553634	950	18	800
2067	1790251301	300	0	300
2068	1790251301	300	1337	300
2069	1790640038	700	81	600
2070	1790553634	1900	121	1976
2071	1790640038	630	527	624
2079	1790380842	39000	2	34999
2080	1790467236	42000	1	35000
2081	1790251303	42000	0	35000
2082	1790251296	700	0	699
2083	1790251303	42000	0	42024
2084	1790596832	1200	1	1249
2085	1790424036	200	3	200
2086	1790596832	3700	6	3750
2087	1790424037	6000	0	18298
2088	1790251301	100	0	100
2089	1790596832	10000	0	10500
2090	1790251304	200000000	0	150000000
2091	1790251301	400	0	750
2092	1790640036	200	14	200
2093	1790251299	190	0	190
2094	1790251301	100	131	100
2095	1790380841	66000	0	42000
2096	1790640038	3300	48	3764
2097	1790251303	290000000	0	299000000
2108	1790251299	100	0	100
2109	1790251301	100	0	100
2110	1790251301	100	0	100
2111	1790251296	100	497	100
2113	1790251296	1400	0	1444
2114	1790251302	6000	0	6500
2115	1790251301	15000	0	13500
2116	1790251301	3700	0	4150
2117	1790251299	100	2	100
2120	1790510437	6300	1	6335
2121	1790640035	160	10	160
2122	1790467235	20000	0	32998
2123	1790640036	190	0	201
2125	1790251302	2000	0	26000
2126	1790251301	250	0	250
2127	1790251295	140	1	140
2128	1790251299	100	0	100
2129	1790251301	100	695	100
2130	1790294429	18000	0	25000
2131	1790337640	1100	0	2000
2132	1790467236	160000	0	999999
2133	1790251296	100	0	100
2134	1790553633	20000	0	15000
2135	1790640035	3000	0	7000
2136	1790640035	3100	0	3000
2137	1790251301	4400	0	370
2138	1790251301	100	0	100
2139	1790251301	10000	0	12000
2140	1790640035	2000	0	985
2141	1790596832	1000	0	2500
2142	1790251303	750	0	100
2143	1790251301	1300	0	1350
2144	1790251301	4300	0	4345
2145	1790251296	2000	0	2000
2146	1790337640	15000	0	15000
2147	1790251301	150	0	150
2148	1790553632	4500	0	4444
2151	1790251301	130	48	130
2152	1790424038	1000	0	996
2153	1790251303	3600	0	4777
2154	1790251296	750	0	750
2155	1790251301	1400	0	1400
2156	1790251296	8800	0	8777
2157	1790596832	19000	0	20000
2158	1790251302	19000	0	18950
2159	1790251301	37000	0	37037
2160	1790251301	15000	0	15000
2161	1790251301	120000	0	120000
2162	1790596832	28000	0	28500
2163	1790251301	4400	0	4400
2164	1790251301	5100	0	5292
2165	1790251301	7800	0	7777
2166	1790251301	2200	0	2200
2167	1790251296	23000	0	23500
2168	1790553633	6400	0	6400
2169	1790251302	3900	1	3950
2170	1790251301	10000	0	10000
2171	1790467235	3300	1	3300
2172	1790251301	32000	0	32499
2185	1790251301	68000	0	60000
2190	1790251303	280000000	0	200000000
2191	1790424043	2500	0	2500
2192	1790553633	2000	10	1950
2193	1790640036	400	0	100
2194	1790337640	150	1	155
2195	1790553632	100	0	100
2196	1790251302	100	0	100
2197	1790251302	130000	0	128000
2198	1790467235	300	26	298
2199	1790640036	330	0	100
2200	1790640036	330	43	332
2201	1790640037	68000	1	68000
2202	1790596832	50000	1	39800
2203	1790251301	210000	1	215000
2204	1790251301	660000	1	666000
2205	1790251301	190000	1	188000
2207	1790251304	80000000	0	70000000
2208	1790251296	5000000	0	4799999
2209	1790251301	490000	0	496785
2210	1790251304	2700000	0	1250000
2211	1790424036	2800000	0	2800000
2212	1790467235	2200000	0	1489999
2214	1790553632	20000000	0	20000000
2215	1790251303	17000000	0	15000000
2216	1790251303	14000000	0	14000000
2217	1790251299	230	0	230
2218	1790251303	320	0	320
2219	1790251303	8400000	0	10000000
2220	1790251301	100	20	100
2221	1790251304	360000000	0	400000000
2222	1790251301	450000000	0	424222222
2223	1790251296	660000000	0	129000000
2224	1790251303	180000000	0	179999000
2225	1790251300	270000000	0	200000000
2226	1790510443	1000000000	1	100000000
2227	1790251296	4500000	0	4800000
2228	1790251300	560000	0	558855
2229	1790251301	5000000	0	5000000
2230	1790467235	460	0	454
2231	1790208040	35000	0	35000
2232	1790251304	2200	10	2247
2233	1790251302	39000	2	38765
2234	1790640036	380	0	396
2235	1790251301	130	0	130
2237	1790251301	240	0	244
2238	1790380843	390	9	400
2239	1790337640	790	4	675
2240	1790251301	170	0	170
2241	1790380840	770	1	750
2242	1790251301	310	0	310
2243	1790596834	680	41	350
2244	1790337641	420	61	700
2245	1790251301	100	0	100
2246	1790596832	7500	0	8896
2247	1790251301	270	0	272
2248	1790380838	3000	0	3800
2249	1790510437	1800	0	1870
2251	1790251299	110	0	110
2252	1790424036	4300	0	3750
2253	1790510437	2200	0	1750
2254	1790251302	29000	0	25000
2255	1790510437	6600	0	6750
2256	1790337640	10000	0	7500
2257	1790294429	2700	0	2700
2262	1790640036	2000	68	2000
2263	1790596832	1400	42	1435
2264	1790251301	130	1	132
2265	1790640036	5900	416	5940
2269	1790337643	1900	12	1960
2270	1790294429	2100	0	1499
2271	1790251301	100	2	100
2272	1790251299	100	0	100
2273	1790251301	100	0	100
2274	1790251302	100	0	100
2275	1790380838	100	1	100
2276	1790251301	100	0	100
2283	1790251301	100	0	100
2284	1790251301	100	1	100
2285	1790251301	100	0	100
2303	1790596832	610000000	0	999999998
2304	1790596834	300	383	301
2305	1790640037	990	3338	600
2306	1790251301	100	101	100
2307	1790251301	100	20	100
2308	1790251301	100	33	100
2309	1790553635	490	460	495
2316	1790510437	120000	0	119911
2327	1790251295	900	20	500
2328	1790640040	2900	52616	2906
2336	1790640038	700	507	700
2337	1790251309	620	59	625
2338	1790640036	150	27	150
2339	1790596833	700	136	725
2340	1790251302	100	0	100
2341	1790510437	1500	62	1500
2342	1790380838	100	1	100
2343	1790596832	170	0	188
2348	1790251301	300	0	300
2349	1790251302	300	59	300
2350	1790251301	300	0	300
2351	1790294429	500	4	500
2352	1790380839	1700	0	1000
2353	1790640038	600	154	500
2354	1790510440	390	96	398
2355	1790553632	270	487	270
2356	1790251301	170	20	170
2357	1790510437	990	0	1000
2361	1790510437	690	41	689
2362	1790640036	400000	0	50000
2363	1790208038	2600	0	2599
2364	1790467236	800	0	50
2365	1790640041	120000	105	75000
2366	1790208038	150000	1	149000
2367	1790640036	370	446	300
2368	1790251304	2000	0	2000
2369	1790251301	170	557	170
2370	1790467236	500	20	498
2371	1790251304	2500	89	2500
2372	1790337640	130000	0	115500
2373	1790640038	550	239	600
2374	1790640038	100	55	125
2375	1790337640	1800	0	900
2376	1790640036	1400	0	1419
2377	1790337640	220	8	222
2378	1790251295	950	2	850
2379	1790640036	960	5	950
2380	1790251302	490000000	0	695000000
2381	1790251300	1500	0	2000
2385	1790640037	600	128	550
2386	1790640038	640	94	500
2387	1790510437	750	6	700
2388	1790380843	1800	13	1500
2389	1790337641	390	20	391
2390	1790467239	1500	1	1494
2391	1790596832	4800	3	4800
2392	1790208038	100000	0	96006
2393	1790380839	1100	1	1000
2394	1790424036	3300	0	3325
2395	1790424036	2000	0	2000
2396	1790251303	550	0	555
2397	1790251301	260	0	260
2398	1790553634	1300	105	1300
2399	1790251303	1400	0	1499
2400	1790251301	300	0	300
2401	1790553635	1500	20	1000
2402	1790251301	170	32	170
2419	1790251303	23000	0	22999
2420	1790208038	40000	0	40000
2421	1790596832	7300	17	7400
2422	1790294429	20000	30	19900
2423	1790596834	20000	417	20000
2424	1790640037	12000	330	12500
2425	1790467235	790	50	790
2426	1790380838	25000	1	25000
2427	1790553637	110	1	110
2428	1790251303	400	0	420
2429	1790251303	5000	0	5800
2430	1790510437	45000	1	45678
2431	1790596832	15000	0	14750
2432	1790337640	21000	2	21000
2433	1790640036	30000	47	29995
2434	1790553634	36000	15	36215
2435	1790294429	3100	1	3125
2436	1790640036	15000	1	14957
2437	1790640036	4500	0	8748
2438	1790640036	4000	136	2000
2439	1790251302	25000	0	25000
2440	1790553632	900	1	899
2444	1790251301	360	2	200
2445	1790251303	7100000	0	7400000
2446	1790251301	150	0	150
2447	1790553632	270000000	0	275000000
2448	1790510437	3000	0	5869
2449	1790640035	70000	0	55000
2450	1790251301	400	0	400
2451	1790467236	2000	0	1899
2452	1790553636	1200	16	1000
2454	1790251305	1200	0	2265
2455	1790380838	370	0	374
2456	1790337640	750	0	2359
2457	1790424037	100	0	1300
2458	1790251301	440	0	420
2459	1790510437	100	0	1720
2460	1790337640	210	0	689
2467	1790251301	150	0	150
2474	1790251301	100	0	100
2475	1790337641	1800	3	1800
2476	1790251296	110	1	110
2477	1790251296	1000	2	1000
2478	1790596832	2500	1	2450
2479	1790251301	110	0	110
2480	1790251301	150	1	150
2481	1790294429	170	0	790
2482	1790337640	1000	0	750
2483	1790251301	830	0	100
2484	1790251303	9900	1	9899
2485	1790467236	700	2	700
2486	1790553633	1000	1	1000
2487	1790640035	3600	1	3600
2488	1790294430	2600	0	5100
2489	1790596832	1000	5	1000
2490	1790596833	9700	1	7500
2491	1790251301	90	0	450
2492	1790251301	100	0	100
2493	1790251301	100	0	100
2494	1790251301	4000	0	4000
2495	1790251301	4000	0	4000
2496	1790251301	4000	0	4000
2502	1790251299	4500	12	5000
2503	1790294429	900	0	900
2504	1790251301	900	0	900
2505	1790208038	900	7	900
2506	1790251296	100	0	100
2507	1790251303	460	0	200
2508	1790640036	150	4	150
2509	1790640035	1200	0	1875
2510	1790596832	2000	8	2400
2511	1790467243	3400	6	999
2512	1790251301	350	0	350
2519	1790251301	300	1	300
2520	1790251301	170	25	170
2521	1790251301	170	0	170
2522	1790251301	170	42	170
2523	1790251301	300	0	300
2524	1790251301	110	11	110
2525	1790510437	890	128	900
2526	1790424037	1200	22	1199
2527	1790553633	4000	114	4000
2528	1790251301	110	9	110
2529	1790208040	2000	72	2000
2530	1790553634	2000	215	2000
2531	1790208045	4800	197	4775
2532	1790251301	110	24	110
2533	1790640036	2700	0	2789
2534	1790208041	2000	140	2002
2535	1790467236	5000	49	4999
2536	1790596833	400	20	423
2537	1790294430	1200	118	1195
2538	1790251301	150	0	150
2539	1790640036	39000	0	68699
2540	1790294429	660	92	666
2541	1790208038	240000000	0	244000000
2542	1790251301	200	0	200
2543	1790251301	200	0	200
2544	1790640036	3000	400	3000
2545	1790251301	200	56	200
2546	1790380839	2100	2	2100
2562	1790251296	100	0	100
2563	1790251301	100	0	100
2565	1790251301	110	0	110
2569	1790251301	170	32	170
2570	1790251303	150	2	150
2571	1790640037	200	63	200
2572	1790640036	200	71	200
2573	1790640036	200	58	200
2574	1790640036	150	72	200
2575	1790251301	110	1	110
2576	1790251296	230	0	230
2577	1790640036	620	51	650
2579	1790251303	100	29	100
2580	1790251301	100	0	100
2581	1790251301	100	49	100
2582	1790251304	240	7	240
2583	1790251301	130	0	132
2584	1790640036	1300	88	330
2585	1790251301	270	0	270
2586	1790251302	270	6	270
2587	1790251299	270	0	270
2588	1790251299	270	0	270
2589	1790251301	130	0	130
2590	1790640036	1500	20	1675
2591	1790510437	2800	85	2798
2592	1790337640	4200	14	4200
2593	1790553633	1100	125	1104
2594	1790424038	10000	1	10588
2595	1790251303	22	14	100
2596	1790424036	440	16	300
2597	1790467238	3500	320	3500
2598	1790251301	300	1142	300
2600	1790640038	280	28806	283
2604	1790251301	400	11	400
2605	1790640036	110	437	117
2606	1790251296	200	6	200
2607	1790251296	200	3	200
2608	1790251301	260	0	260
2609	1790251295	2000	0	1991
2610	1790251303	1500	0	1500
2611	1790251304	2000	0	2600
2612	1790251303	700	0	700
2613	1790251301	150	0	150
2614	1790424037	6900	30	4969
2615	1790251301	180	0	180
2616	1790640038	250	142	290
2617	1790251301	300	0	300
2618	1790640036	1800	29	1899
2619	1790251304	2000	0	5100
2620	1790251301	180	0	180
2621	1790251301	5000	0	4994
2622	1790294429	3000	0	4999
2623	1790337640	500	0	870
2624	1790294430	5100	1	5237
2625	1790380840	24000	0	31996
2626	1790596832	3800	3	3860
2627	1790380839	17000	0	15000
2628	1790294429	3700	0	4696
2629	1790251301	100	1	100
2631	1790380842	500	101	3299
2632	1790251299	230	0	230
2633	1790294429	700	0	899
2634	1790596833	330	406	300
2635	1790251296	650	0	180
2636	1790294429	970	0	4000
2637	1790640036	2200	0	500
2638	1790640036	3500	2	3550
2639	1790424036	72	0	100
2640	1790510438	690	4	695
2641	1790251304	3400	0	3400
2642	1790640036	750	425	748
2643	1790510437	900	0	1125
2644	1790251302	110	10	110
2645	1790251303	110	1	110
2646	1790251301	110	10	110
2647	1790251302	110	10	110
2648	1790251301	110	11	110
2650	1790251302	290000000	0	288000000
2651	1790251301	150	0	150
2652	1790251301	200	1	200
2653	1790251296	100	0	100
2654	1790553634	130	70	150
2655	1790553634	5700	127	5699
2657	1790251301	130	0	130
2658	1790251303	110	58	110
2659	1790251303	15000	0	800000
2660	1790640035	18000	15	19000
2661	1790251295	200	6	200
2662	1790251296	9800	0	9852
2663	1790640036	6600	0	7162
2664	1790251302	1700	0	1700
2665	1790510439	290	1	295
2666	1790251305	1200	0	1333
2667	1790251305	850	57	1095
2668	1790251301	130	0	130
2669	1790337640	1200	0	1260
2670	1790251301	100	0	100
2671	1790251301	100	269	100
2672	1790251301	630	0	100
2673	1790251301	100	0	100
2674	1790510437	540	4	500
2675	1790251301	500	0	500
2676	1790251301	500	0	500
2677	1790251301	500	0	500
2679	1790251301	270	0	300
2680	1790251301	270	0	300
2681	1790251301	270	0	300
2684	1790467237	340	36	150
2685	1790251301	2000	0	2000
2686	1790251301	2000	0	2000
2687	1790251301	400	0	400
2688	1790596832	320	0	300
2689	1790294429	7800	0	7777
2690	1790510437	9700	0	9799
2691	1790251299	100	76	100
2692	1790251304	12000	1	12499
2693	1790251296	6000	0	4000
2694	1790380838	1300	11	1300
2695	1790553637	190	109	100
2696	1790251301	300	0	300
2704	1790467237	19000	0	18800
2705	1790251295	2000	0	2000
2706	1790251303	1800	0	2100
2707	1790596832	2000	0	3443
2708	1790251301	450	123	450
2710	1790251301	150	2	150
2711	1790251301	270	0	300
2712	1790251301	270	0	300
2713	1790251299	270	0	300
2714	1790596832	110	4	110
2715	1790251301	240	0	240
2716	1790251303	2400	2	2400
2717	1790510437	1900	0	2120
2724	1790251296	270	125	300
2725	1790251301	270	0	300
2726	1790251301	270	0	300
2727	1790251301	270	0	300
2728	1790251301	270	0	300
2729	1790251300	270	6	300
2730	1790251301	350	0	350
2731	1790251301	350	0	350
2732	1790251301	350	56	350
2733	1790251301	130	3724	130
2734	1790251301	110	1	110
2739	1790251299	330	4	330
2741	1790251301	330	30	330
2745	1790510437	1700	1	1800
2746	1790251306	1500	16	1999
2747	1790510437	1000000	0	997000
2748	1790510437	1300	18	1350
2766	1790251301	10000	12	10000
2767	1790251303	360	0	360
2768	1790251301	160	0	160
2769	1790251301	160	0	160
2770	1790208038	890	2	894
2771	1790208038	730	0	729
2772	1790510437	5000	8	5005
2773	1790640040	40000	40	15000
2774	1790251301	5000	3	5000
2775	1790251301	5000	5	5000
2776	1790251301	5000	3	5000
2777	1790640036	2000	3	1988
2778	1790424036	2600	4	2600
2779	1790251303	2600	3	2550
2780	1790294429	2700	0	2000
2781	1790251296	1200	0	1200
2782	1790294429	2200	0	2190
2783	1790424038	37000	2	37473
2784	1790251296	41000	0	37500
2785	1790251303	37000	0	48850
2786	1790596832	35000	0	35000
2787	1790510437	10000	0	6000
2788	1790251302	17000	0	6001
2789	1790251303	14000	0	14500
2790	1790251299	10000	0	6000
2791	1790424043	80000	1	25000
2792	1790467235	30000	0	27500
2793	1790596832	6200	2	6199
2794	1790251302	9000	1	8995
2795	1790640035	12000	1	11888
2796	1790251301	6000	0	6000
2797	1790596832	6000	1	6000
2798	1790294429	15000	0	15000
2799	1790251303	8500	0	6000
2800	1790424036	29000	0	29999
2801	1790251301	450	0	500
2802	1790251301	900	0	1000
2803	1790251303	4500	0	5500
2804	1790251301	400	0	400
2805	1790337643	860	101	859
2806	1790251301	400	2	400
2807	1790251301	800	0	800
2808	1790251301	800	0	800
2809	1790251296	800	0	800
2810	1790251299	1200	3	1200
2811	1790251296	1200	2	1200
2812	1790553632	3500	66	3497
2819	1790251301	-1	0	1000000000
2820	1790251301	-1	0	0
2821	1790251301	-1	0	1000000000
2822	1790467235	999999999999	0	0
2823	1790251301	-1	0	0
2824	1790337641	1000000000	0	998000000
2825	1790251301	800000000000	0	1000000000
2829	1790251304	19000	1	19000
2830	1790337640	150000	0	148000
2831	1790424036	7500	0	6000
2832	1790640038	55000	7	54999
2833	1790510438	6100	12	6150
2834	1790251302	200000000	0	200000000
2836	1790467236	630000000	0	480000000
2837	1790251301	2400	0	2440
2840	1790251301	130	0	130
2841	1790251301	100	25	100
2842	1790251299	130	26	25
2843	1790251301	120	0	120
2844	1790294431	880000000	0	575000000
2845	1790294431	540000000	0	900000000
2846	1790251300	150	0	150
2847	1790380838	130000000	0	100000000
2848	1790251301	2000	1	1998
2850	1790251301	100	0	100
2851	1790251299	100	0	100
2855	1790640038	320	5	100
2856	1790251301	100	0	100
2857	1790251300	100	6	100
2858	1790251301	100	0	100
2859	1790337643	130	1	130
2860	1790337641	190	0	100
2861	1790294429	120	0	124
2862	1790251301	100	0	100
2863	1790251303	100	100	100
2864	1790251301	100	0	100
2865	1790467236	200	39	150
2866	1790640035	840	1	1000
2867	1790251303	400	0	399
2868	1790251299	270	0	700
2869	1790251301	270	1	300
2870	1790251300	270	0	300
2871	1790553632	3100	0	3442
2872	1790337644	500000000	0	200000000
2873	1790467235	19000000	0	18500000
2874	1790251303	9000000	0	8366600
2875	1790251302	8000000	0	7999999
2876	1790251301	9100000	0	8850000
2877	1790294429	990	0	1000
2878	1790596832	1300	1	1325
2879	1790251304	1300	0	1313
2880	1790294433	2000	0	999
2881	1790337640	830	0	500
2882	1790251304	2100	0	2332
2883	1790510437	2000	1	1950
2884	1790337640	1000	0	999
2885	1790380843	2000	0	899
2886	1790596832	4000	0	973
2887	1790337641	1500	0	1488
2888	1790208039	1000	0	999
2889	1790294429	1100	0	875
2890	1790337644	1200	0	1900
2891	1790294432	1300	0	898
2892	1790467236	2600	0	1000
2893	1790294429	3400	0	6666
2894	1790294431	8000	1	7997
2895	1790424043	1300	0	747
2896	1790467235	900	0	740
2897	1790510437	2000	0	848
2898	1790596832	1400	0	750
2899	1790294429	1700	0	1698
2900	1790380839	940	0	985
2901	1790294431	1000	0	999
2902	1790553633	1800	0	999
2903	1790251304	1500	0	1000
2904	1790380844	2000	0	900
2905	1790424036	1800	0	1514
2906	1790294434	2500	1	3000
2907	1790208040	1300	0	950
2908	1790424036	1100	0	500
2909	1790337640	940	0	998
2910	1790640035	990	0	1111
2911	1790380838	1800	0	1817
2912	1790294433	2200	0	1441
2913	1790424036	2900	0	2899
2914	1790294430	1000	1	1000
2915	1790424037	750	0	754
2916	1790467236	870	0	963
2917	1790294429	870	0	649
2918	1790424036	1200	0	500
2919	1790596833	870	1	500
2920	1790424037	770	0	776
2921	1790294429	2000	0	500
2922	1790337640	840	0	900
2923	1790640036	1200	0	938
2924	1790596832	2600	0	999
2925	1790294431	700	0	700
2926	1790424037	970	0	969
2927	1790208039	1100	0	948
2928	1790294429	720	0	725
2929	1790208038	600	0	850
2930	1790208039	1600	0	100
2931	1790424037	3000	0	2999
2932	1790251304	1500	0	800
2933	1790251303	740	0	745
2934	1790424037	740	0	742
2935	1790294431	970	0	969
2936	1790251303	1100	0	1510
2937	1790251295	920000000	0	800000000
2938	1790251301	1900	0	1881
2939	1790251296	800000000	0	775000000
2940	1790596832	7600	130	7650
2941	1790251301	100	0	100
2942	1790251301	100	3	100
2943	1790251303	120	8	100
2944	1790251301	-1	0	0
2945	1790596832	270	1	273
2946	1790553632	600000000	0	600000000
2947	1790251300	450	0	500
2948	1790251301	100	0	100
2949	1790251301	100	3	100
2953	1790251303	990	5	995
2954	1790251302	280	0	280
2955	1790510437	3000	1	3000
2956	1790251301	100	81	100
2957	1790251301	120	0	120
2958	1790553633	220	1	100
2959	1790424038	3900	0	3969
2960	1790251302	270	0	270
2961	1790251299	100	0	100
2962	1790424038	170	0	171
2966	1790251301	110	0	110
2967	1790251296	100	12	100
2968	1790251296	110	4	110
2969	1790251301	110	0	110
2970	1790251299	110	0	110
2971	1790596832	780	0	899
2972	1790251301	180	0	180
2973	1790251301	3500	0	3500
2974	1790251301	180	0	180
2975	1790251301	5000	0	4994
2976	1790251301	130	0	130
2977	1790467235	410	1	400
2978	1790294436	48000	0	50000
2979	1790596833	1000	86	1001
2980	1790251301	220	0	220
2981	1790251296	4900	0	4850
2982	1790251299	220	0	220
2983	1790251301	7000	0	7000
2984	1790251301	220	0	220
2985	1790251302	5000	0	5000
2986	1790251301	220	11	220
2987	1790251299	7900	5	10000
2993	1790251301	120	0	122
2994	1790380839	720	50	724
2995	1790510440	1200	1	1250
2996	1790251296	1400	0	1450
2997	1790251303	1400	0	1442
2998	1790510437	490	0	499
3001	1790251301	1000	0	1000
3002	1790251304	220	0	220
3003	1790251297	260	0	260
3004	1790251302	1200	0	1200
3005	1790251301	690000000000	0	0
3006	1790251301	-1	0	0
3007	1790251301	-1	0	0
3008	1790251301	-1	0	0
3009	1790251301	-1	0	0
3010	1790251301	-1	0	0
3011	1790251301	74000	0	74499
3012	1790251296	20000	0	20900
3013	1790424036	46000	0	44444
3014	1790251303	35000	0	32940
3015	1790251302	58000	1	57000
3016	1790251302	15000	0	15000
3017	1790251303	36000	0	35850
3018	1790251302	45000	0	48000
3019	1790251302	110	2	110
3020	1790251296	110	24	110
3021	1790251301	-1	0	0
3022	1790251301	-1	0	0
3023	1790251301	-1	0	0
3024	1790251301	-1	0	0
3025	1790467238	5000	33	4992
3026	1790553633	7600	54	7669
3027	1790337641	4900	20	4897
3028	1790467238	5000	33	4994
3029	1790251303	120	1	124
3030	1790251296	110	0	100
3031	1790510437	170	0	101
3032	1790467235	120	2	125
3034	1790380839	11000	5	9999
3035	1790251303	900	2	898
3036	1790251302	7000	0	5900
3037	1790251296	160000	0	164000
3038	1790380840	90000	0	113000
3039	1790251302	16000	0	17870
3040	1790467236	2500	8	3000
3041	1790596832	13000	7	13000
3042	1790337641	270000000	0	250000000
3043	1790251304	220	0	222
3044	1790640036	39000	0	46888
3045	1790380838	8000	0	14000
3046	1790337640	100	38	100
3047	1790596832	1400	0	1689
3048	1790294429	7500	1	7500
3049	1790251304	100000	0	101000
3056	1790640036	1000	2	1000
3057	1790640036	3000	0	3819
3058	1790251296	780	0	800
3059	1790640036	800	0	897
3060	1790251303	38000	0	100
3061	1790640036	270	0	294
3062	1790380842	110000	0	50000
3063	1790251296	100	0	100
3064	1790251302	370000	0	180081
3065	1790251302	100	3	100
3066	1790251303	18000	0	18745
3067	1790596834	500000	12	800000
3068	1790251296	170000	0	140000
3079	1790251305	440000	0	448745
3080	1790251295	12000	0	12499
3081	1790251302	73000	0	72500
3082	1790251296	100	0	100
3083	1790251304	900	0	1440
3084	1790596832	28000	0	16500
3085	1790337640	44000	0	42899
3086	1790251296	890	0	893
3087	1790251302	150	0	150
3091	1790251304	430000	5	440000
3092	1790251303	10000000	0	10000000
3093	1790251303	2000000	0	1999999
3094	1790251303	2900000	0	2940001
3095	1790251301	4000	0	4000
3096	1790251303	7800	0	7860
3097	1790467235	7500	0	7500
3098	1790380844	1000	12	1000
3099	1790251296	500	2	499
3100	1790294436	1900	15	200
3101	1790380842	12000	0	11000
3102	1790337641	100	0	1481
3103	1790251303	10000	0	10000
3104	1790251303	26000	0	26499
3105	1790251303	24000	0	24500
3106	1790467236	28000	2	28750
3108	1790553633	450	0	500
3109	1790251296	800000	0	800000
3110	1790640035	600000	0	600000
3111	1790251302	450000	0	440000
3112	1790251302	990000	0	800000
3113	1790337640	800000	0	790000
3114	1790251302	3100000	0	3300000
3117	1790596832	500000000	0	556969420
3118	1790251303	100	70	100
3119	1790640036	130	638	133
3120	1790251303	100	40	100
3121	1790640038	8300	165	8000
3122	1790251296	100	0	100
3123	1790251296	100	0	100
3124	1790251296	100	0	100
3125	1790251296	100	20	100
3127	1790251303	7900	0	8000
3128	1790640037	90	2019	219
3129	1790251306	150	58	200
3130	1790251303	75000	0	75000
3131	1790553634	44000	29	43896
3132	1790510437	3200	1	3197
3133	1790640036	2000	1	2000
3134	1790553639	3000	0	2998
3135	1790640037	3000	1	3069
3136	1790510437	3200	0	2974
3137	1790596832	220	8	220
3141	1790294429	1700	0	2198
3142	1790510437	950	1	1000
3146	1790510437	16000	0	16500
3147	1790251303	250	0	250
3148	1790251296	260	0	258
3149	1790596832	1400	0	1440
3150	1790380838	2300	0	2300
3151	1790251296	280	0	284
3152	1790251296	430	0	432
3153	1790251296	170	0	176
3154	1790251296	1000	0	1000
3155	1790251304	2000	0	2000
3156	1790510437	950000	0	1000000
3170	1790596832	13000	0	13600
3171	1790337640	28000	0	27899
3172	1790251302	13000	68	13333
3192	1790251296	230000000	0	228000000
3193	1790251296	500000000	0	0
3194	1790251296	350000000	0	0
3195	1790251296	480000000	0	140000000
3196	1790251296	220000000	0	200000000
3197	1790251296	420000000	0	120000000
3199	1790337641	8900	17	8888
3200	1790424040	1300	30	1100
3203	1790251296	340	0	346
3216	1790337640	42000000	0	42000000
3219	1790251296	1000000000	0	900000000
3221	1790640038	2900	53	2881
3222	1790640036	5800	180	5800
3223	1790553633	850	0	888
3224	1790294429	5000	79	5000
3225	1790640038	2500	344	2000
3226	1790251303	3200	109	3300
3227	1790424040	9000	24	9000
3228	1790553634	13000	48	15000
3229	1790424037	1000	0	800
3230	1790337640	1200	279	1200
3233	1790251296	270	0	100
3234	1790251303	270	0	100
3235	1790251296	270	1	100
3236	1790251305	140000	2	141000
3237	1790251303	45000	0	44888
3238	1790640037	71000	6	71236
3239	1790553636	64000	3	64600
3240	1790337641	60000	4	60797
3241	1790208042	32000	10	31999
3242	1790596834	70000	3	71500
3243	1790640036	72000	8	71984
3244	1790553634	80000	6	79992
3245	1790208040	93000	1	90000
3249	1790467236	5700000	0	8000000
3263	1790424036	160000000	0	162000000
3268	1790424036	130000	1	125000
3269	1790251304	54000	0	54499
3270	1790251303	370000	0	374800
3283	1790251296	100	0	100
3284	1790553635	3200	0	5500
3285	1790553636	1200	0	1189
3290	1790640037	1700	776	4664
3298	1790251302	580	0	585
3299	1790251302	720	2	100
3300	1790337640	130	0	125
3301	1790596832	150	1	156
3302	1790251302	100	0	100
3303	1790251302	250	0	250
3316	1790640038	260000	25	258000
3317	1790467236	2700	0	3697
3318	1790510437	5400	0	5499
3319	1790424037	2100	1	2196
3320	1790640035	5400	0	5430
3321	1790251302	450000000	0	400000000
3323	1790640038	190000	76	191000
3324	1790640038	200000	104	205999
3325	1790640038	190000	160	191000
3326	1790596832	24000	5	25000
3327	1790640038	150000	228	130000
3336	1790251303	160000	0	163000
3337	1790251303	140000	0	138999
3338	1790640038	120000	33	121000
3343	1790251299	150	0	150
3344	1790553636	3000	2	3200
3345	1790510438	1400	0	1398
3346	1790553636	2300	0	2292
3347	1790553633	1100	0	1098
3348	1790467236	590	0	500
3350	1790640036	6200000	0	6200000
3351	1790424036	240000000	0	210000000
3352	1790337640	500	1	500
3353	1790640039	1900	441	100
3355	1790640036	380000	0	100000
3356	1790251296	100	8	100
3357	1790251296	100	0	100
3358	1790337640	100	0	100
3359	1790467239	2100	0	3033
3360	1790510437	4200	1	4466
3361	1790251305	220	0	420
3362	1790251303	200	1	100
3363	1790510437	3300	0	3000
3364	1790251300	200	20	200
3365	1790251301	63000	0	63399
3366	1790251296	54000	1	53998
3367	1790510437	650	200	650
3368	1790424036	9600	0	9600
3369	1790424036	12000	0	11793
3370	1790251295	39000	0	25000
3371	1790251301	95000	0	95000
3372	1790251302	19000	0	19500
3373	1790251299	20000	0	19000
3375	1790640038	2700000	1	2196000
3376	1790640035	370000	0	375000
3377	1790251303	700000	1	690000
3378	1790640036	720000	0	799500
3379	1790424040	1100000	1	950000
3398	1790640036	28000	13	27998
3399	1790640038	40000	10	40000
3400	1790640036	17000	0	17995
3401	1790640036	44000	1	44723
3402	1790380838	19000	0	19395
3403	1790640037	38000	31	37999
3412	1790596832	6900000	3	6949999
3413	1790510437	7200000	2	7199999
3414	1790553636	2200000	1	2200000
3415	1790294432	980000	2	970000
3416	1790596833	14000000	1	13500000
3421	1790510437	90000000	0	90000000
3422	1790380839	110	112	111
3423	1790251296	100	61	100
3424	1790251296	100	0	100
3425	1790596834	100	132	101
3426	1790208038	100	0	105
3427	1790337640	1500	0	1500
3428	1790251298	100	0	100
3431	1790251303	300000000	0	275000000
3432	1790294431	150	0	150
3433	1790380840	240000	172	240000
3434	1790424036	1000000000	0	850000000
3435	1790251296	1300	15	1300
3439	1790251300	500000000	0	500000000
3440	1790510440	6000	1245	6000
3441	1790294431	15000	0	14900
3442	1790294429	11000	0	11000
3445	1790251296	450000000	0	300000000
3446	1790251304	15000	0	14939
3447	1790251298	13000	1	13400
3448	1790553633	26000	1	22500
3449	1790424036	190	1	195
3450	1790251300	100	0	100
3451	1790251296	100	6	100
3452	1790510437	110	8	114
3453	1790337640	130	7	133
3454	1790510437	240	0	240
3455	1790294429	200	48	200
3462	1790251298	100	83	100
3463	1790380842	150	0	149
3464	1790251304	1400	1	1441
3465	1790380839	100	129	100
3466	1790467236	320000000	0	320000000
3467	1790251298	100	114	110
3468	1790640036	5000000	0	4000000
3474	1790640039	1200	306	500
3475	1790467236	1400	715	1398
3476	1790251302	150	0	154
3477	1790251298	150	0	154
3478	1790251303	150	0	154
3479	1790208038	150	0	151
3480	1790251305	100	2	100
3481	1790251302	2000000000	0	1250000000
3482	1790251303	19000000000	0	1000000000
3483	1790424036	4100	0	1000
3484	1790553633	20000	15	150
3485	1790251303	22	0	100
3486	1790251298	100	25	100
3487	1790251303	240	0	240
3488	1790553638	3000	62	1250
3489	1790251298	100	98	100
3490	1790251298	100	23	100
3491	1790251298	100	12	100
3492	1790251303	30000	1	26870
3493	1790251303	10000	0	10500
3494	1790467236	6600	3	6666
3495	1790510437	200	35	200
3496	1790251298	100	33	100
3497	1790380840	200	23	273
3498	1790510437	50000	0	49969
3499	1790640036	40000	0	40000
3500	1790208040	60000	0	60000
3501	1790251296	99000	0	98989
3502	1790294429	30000	0	30500
3503	1790208042	81000	0	82000
3507	1790337640	300000000	0	220000000
3509	1790337640	100	61	100
3510	1790251298	100	0	105
3511	1790553636	2600	198	2600
3512	1790251298	100	0	100
3513	1790251298	100	2	100
3514	1790251298	100	2	100
3515	1790251298	800	0	800
3516	1790208039	1500	4	1495
3517	1790294429	30000	0	34999
3518	1790251301	14000	0	12500
3519	1790380838	12000	0	14999
3520	1790251298	300	0	300
3521	1790251296	5500	0	6500
3522	1790251302	4000	14	3993
3523	1790337641	2600	272	2600
3524	1790251298	1000	0	1000
3525	1790640036	5600	5	5600
3527	1790337640	99000000	0	80000000
3528	1790424036	90000000	0	90000000
3529	1790251303	80000000	0	67000000
3530	1790251304	140000000	0	120000000
3531	1790251298	150	0	150
3532	1790251300	640	0	640
3533	1790251298	150	0	150
3534	1790251298	150	1	150
3535	1790251300	750000000	0	745000000
3536	1790251304	200000000	0	200000000
3537	1790251304	140000000	0	139000000
3538	1790251302	230000000	0	219999999
3539	1790553632	100000000	0	69420420
3540	1790251304	350000000	0	225000000
3541	1790510437	88000000	0	79999999
3542	1790337640	4400000	0	2900000
3543	1790294429	1500000	0	1444444
3544	1790251295	2200000	0	2000000
3545	1790553632	1000000	0	6000000
3546	1790337641	3000000	0	3000000
3547	1790337640	4000000	0	4000000
3548	1790251304	2800000	0	1500000
3551	1790424037	190	3	199
3552	1790251298	500	0	500
3553	1790251298	1000	0	1000
3554	1790251298	370	0	370
3555	1790251298	700	1	700
3556	1790251298	700	0	700
3557	1790251298	700	6	700
3558	1790251298	800	1	800
3559	1790251298	800	10	800
3560	1790251298	800	0	800
3561	1790640036	4400	19	4475
3562	1790553637	5600	22	5595
3563	1790251299	1000	13	1000
3564	1790553633	890	3	885
3565	1790208038	800	1	783
3566	1790251303	780	32	777
3567	1790337640	10000	0	9995
3568	1790251304	10000	0	9999
3569	1790380838	8500	0	9450
3570	1790251304	10000	0	9999
3571	1790251303	850	2	849
3572	1790337640	10000	1	4000
3573	1790251303	350	1	350
3574	1790251302	15000	0	14850
3575	1790467240	300	1074	298
3576	1790251302	80000	0	80000
3577	1790424040	69000	1	65000
3578	1790251302	210000000	0	210000000
3579	1790251303	140	0	140
3582	1790640035	220	114	999
3584	1790251303	100	0	101
3585	1790380838	10000	14	12000
3586	1790251296	5700	0	5800
3588	1790380838	500	0	500
3589	1790640035	5000	0	5000
3590	1790251303	500	0	500
3591	1790251298	600	0	600
3592	1790251298	800	0	800
3593	1790251296	500	0	500
3594	1790640036	600	6	750
3595	1790640036	350	125	349
3596	1790553633	970	22	3391
3597	1790251298	100	17	100
3598	1790424036	50000	2	50000
3599	1790467235	2000	4	1999
3600	1790337643	2800	3	2798
3601	1790337641	15000	6	15000
3602	1790251298	150	0	150
3603	1790251299	100	12	100
3604	1790337641	2800	25	2800
3606	1790467235	5000	9	5000
3608	1790251298	400	2	400
3610	1790251298	140	0	140
3611	1790251307	1700	91	1700
3612	1790596833	500000	2	589999
3613	1790251302	31000	3	31490
3614	1790251304	50000	0	49999
3615	1790424038	110000	2	110000
3616	1790337640	1000000	0	400000
3617	1790640036	7000	3	6997
3619	1790251299	1000000	0	999888
3620	1790251298	2000000	0	1999985
3621	1790251302	150000	0	150000
3622	1790251298	120000	0	124000
3623	1790251298	640000	0	639998
3624	1790251304	600000	0	600000
3625	1790251304	890000	0	889999
3626	1790424038	600000	0	1499999
3627	1790251296	2400000	0	2300000
3628	1790251298	300000	0	303030
3630	1790251295	110000	0	105450
3631	1790251302	100	52	101
3632	1790596832	1200	0	1200
3633	1790251298	6000	0	6000
3634	1790251303	3000	0	2750
3635	1790380845	420000	62	420969
3636	1790424043	1000	0	750
3637	1790251298	6000	0	7348
3638	1790251303	59000	0	50000
3639	1790337640	400	0	399
3640	1790467236	140	94	140
3641	1790294429	100	0	111
3642	1790640036	10000	57	9999
3643	1790467238	3700	1090	3942
3644	1790380842	49000	0	48867
3645	1790251299	3000	0	3000
3646	1790337640	3000	0	3999
3647	1790380842	860000	0	888888
3648	1790208042	340000	1	320000
3649	1790251301	-1	0	0
3650	1790251298	100	0	100
3651	1790251298	700000	0	900000
3652	1790467235	5500	1	5500
3653	1790596832	2200	0	2250
3654	1790380843	1600000	0	590000
3655	1790467236	200	0	225
3656	1790337641	490000	1	500000
3657	1790337641	48000	1	49975
3658	1790553635	340000	1	350000
3659	1790380838	50000	1	55555
3660	1790251302	500000	1	498999
3661	1790251303	550000000	0	500000000
3662	1790251298	660000000	0	500000000
3663	1790251296	-1	0	0
3664	1790251302	400000000	0	400000000
3665	1790640035	430000000	0	390000000
3666	1790251298	660000000	0	250000000
3668	1790596832	1200000	1	1199998
3669	1790467235	4800000	0	4800000
3670	1790640035	19000000	0	18000000
3671	1790251296	220000	0	229000
3672	1790251298	68000	0	68000
3673	1790251302	700000	0	500000
3674	1790251298	50000000	0	50000000
3675	1790596832	3700	14	3500
3676	1790640038	100	137	100
3677	1790251298	700	0	700
3678	1790380839	300	21	300
3679	1790640036	1500	17	1470
3680	1790251298	300	1	300
3681	1790467235	6000	9	6000
3682	1790424038	8500	27	7000
3683	1790251301	-1	0	0
3684	1790208038	6000	0	5992
3685	1790640036	6000	12	5000
3686	1790337640	6600	5	6666
3687	1790251298	140	0	140
3688	1790251298	120	0	120
3689	1790640036	7500	12	7000
3690	1790596832	12000	18	12000
3691	1790251298	150	2	150
3692	1790251298	130	0	130
3693	1790467235	3900	27	3889
3694	1790251298	500	20	500
3695	1790251298	350	0	350
3696	1790251296	170	11	170
3697	1790553633	900	349	900
3698	1790251298	150	0	150
3699	1790251298	150	5	150
3700	1790251298	150	800	150
3701	1790251301	-1	0	0
3702	1790510437	4000	8	4000
3703	1790424038	13000	1	13431
3704	1790640036	14000	5	14667
3705	1790251299	3600	0	3600
3706	1790510437	11000	0	11641
3707	1790251298	6900	0	6880
3708	1790294429	16000	0	12500
3709	1790424039	5600	1	4500
3710	1790251303	17000	0	16995
3711	1790251299	11000	0	8500
3712	1790337641	27000	6	27500
3713	1790208040	58000	0	37499
3714	1790251298	17000	0	12500
3715	1790251302	37000	0	37699
3716	1790251296	17000	2	16999
3717	1790294431	4000	0	9280
3718	1790251302	15000	0	18120
3719	1790251302	18000	3	17949
3720	1790251298	7000	0	6985
3721	1790510438	95000	0	95500
3722	1790251303	180000	0	182499
3723	1790553637	200	0	1500
3724	1790251302	50000	0	47699
3725	1790251298	9900	0	7500
3726	1790380838	30000	5	29998
3727	1790251303	7400	0	100
3728	1790251298	600	3	600
3729	1790424038	5000	5	4999
3730	1790596834	50000	36	50000
3731	1790251303	49000	1	43000
3732	1790251298	100	0	100
3733	1790640035	160	0	159
3734	1790640035	6000	15	5988
3735	1790510437	1000	2	100
3736	1790208038	350	0	349
3737	1790251302	28000	0	321
3738	1790596837	2200	91	100
3739	1790251305	2800	0	4420
3740	1790251302	7000	0	6996
3741	1790251303	63000	0	63000
3742	1790251298	100	2	100
3743	1790251302	100	0	100
3744	1790251295	6400	17	6435
3745	1790251302	1400	0	1300
3746	1790553637	2500	30	2500
3747	1790337640	25000	0	25000
3749	1790251298	130	0	132
3750	1790251299	3900	2	3894
3751	1790251298	100	0	100
3753	1790596832	310000000	0	299995000
3754	1790251298	100	33	100
3755	1790251298	100	12	100
3756	1790640041	350	3686	347
3757	1790424041	960	1455	959
3758	1790251303	100	77	100
3759	1790251299	100	0	100
3760	1790596834	100	247	101
3761	1790251300	3900	1	3919
3762	1790251302	7500	1	7500
3763	1790337640	140	334	140
3764	1790467238	550	2	560
3765	1790337640	140	5	140
3766	1790251298	260	0	260
3767	1790251303	400	2	400
3768	1790251298	260	37	260
3769	1790640036	3500	1	4000
3770	1790467239	4000	8	3999
3771	1790251304	4500	0	4996
3772	1790251303	190	166	190
3773	1790294432	4000	0	4000
3774	1790251301	-1	0	0
3775	1790251295	4400	6	4400
3776	1790380838	40000	0	37500
3777	1790467235	1000	5	1000
3778	1790251296	440	57	444
3779	1790251299	170	1	172
3780	1790380839	770	11	798
3781	1790251303	800	1	800
3782	1790467235	250	0	297
3783	1790424036	11000	2	11500
3799	1790510437	1700000000	0	1595000000
3800	1790596832	560	45	564
3801	1790251298	10000	0	9900
3802	1790510437	3100	0	5000
3803	1790251298	390	0	392
3804	1790251298	450	2	448
3805	1790251298	350	0	356
3806	1790380838	200	12	200
3807	1790251303	180	24	181
3809	1790251298	150	16	154
3813	1790251304	440000	0	640000
3815	1790251302	4200	0	4000
3816	1790251298	150	0	150
3817	1790424036	8000	1	7990
3818	1790208040	8800	2	8791
3819	1790251296	170	2	170
3821	1790251298	350	3	350
3822	1790251296	4900	0	4980
3827	1790251303	9000000	0	10000000
3829	1790208038	5200	2	5216
3831	1790251298	130	0	130
3832	1790251296	210	0	210
3833	1790251301	210	0	210
3834	1790251296	210	0	210
3835	1790251295	60000000	0	54000000
3836	1790251304	130000000	0	125000000
3842	1790251298	100	0	100
3843	1790251298	100	0	100
3844	1790251298	180	44	184
3845	1790251298	100	0	100
3846	1790553633	1000	0	1300
3847	1790251296	100	0	100
3848	1790251298	150	1	150
3849	1790553632	190	27	196
3850	1790553633	390	11	389
3851	1790251303	930	0	930
3852	1790251299	100	0	100
3853	1790251299	100	0	100
3854	1790251305	980	1	982
3855	1790251303	420	10	420
3856	1790596833	300	33	290
3857	1790553633	520	26	100
3858	1790251298	250	0	250
3859	1790251299	120	38	120
3860	1790337641	800	27	775
3861	1790251298	100	0	100
3862	1790510437	170	0	433
3863	1790251302	150	0	1000
3864	1790251298	160	0	164
3865	1790510437	410	1	408
3866	1790251296	100	0	106
3867	1790337641	480	67	484
3868	1790251298	130	0	130
3869	1790467235	880	0	900
3870	1790251298	200	0	198
3871	1790251303	200	0	205
3872	1790251302	110	0	110
3873	1790424039	200	14	170
3914	1790251298	100	0	100
3915	1790251305	640	0	500
3916	1790251302	100	0	100
3917	1790251301	100	0	130
3918	1790251296	5600	0	5665
3919	1790251298	100	0	100
3920	1790424039	100	0	600
3921	1790337640	1200	0	9525
3922	1790251296	100	0	100
3923	1790251298	190	0	192
3924	1790251302	5900	0	5000
3925	1790251296	2000	1	1991
3926	1790251301	6000	0	6000
3928	1790510437	35000	0	35000
3929	1790510437	110000	0	120000
3943	1790251296	1200	1	1221
3944	1790510441	4100	1	4162
3946	1790380842	89000000	1	89000000
3963	1790251298	240000000	0	230000000
3964	1790251298	150	0	150
3965	1790596832	6900	13	6894
3970	1790251304	2700	0	2697
3972	1790251303	2800	0	2801
3974	1790380845	1000	0	290
3975	1790251303	150	0	156
3976	1790510437	1300	0	1425
3977	1790251303	700	0	700
3978	1790380838	12000	0	15998
3979	1790251298	100	0	100
3980	1790553640	600	81	100
3981	1790510437	150000	1	149941
3982	1790424040	220000	0	111111
3983	1790510437	2500	1	2500
3984	1790251301	7500	0	9995
3985	1790251303	25000	0	25000
3986	1790251304	410	0	420
3987	1790640036	44000	0	100
3988	1790424036	1000000	0	1000000
3989	1790251298	300000	0	39990000
3990	1790510440	46000	3	45955
3994	1790251298	150	0	150
3995	1790640035	69000	26	68986
3997	1790467236	320	1426	325
3998	1790251302	350	0	394
3999	1790251303	770000000	0	990000000
4000	1790337644	420	269	1000
4001	1790467238	4200	499	4100
4002	1790380839	12000	0	17500
4003	1790251296	170	0	168
4004	1790380838	55000	0	49987
4019	1790251302	150	0	150
4020	1790251303	11000	2	11100
4037	1790251298	400	0	400
4038	1790251298	400	0	400
4039	1790251302	2900	10	2969
4051	1790640035	470	0	440
4052	1790251304	230	0	229
4053	1790424036	2800	0	150
4054	1790251298	110	0	108
4055	1790251299	150	0	148
4056	1790251301	170	0	172
4057	1790251298	240	0	246
4058	1790596832	110	1	108
4059	1790467235	180	2	186
4083	1790251298	260	0	260
4084	1790251298	210	0	214
4085	1790251298	290	0	290
4086	1790380838	6000	0	9999
4087	1790337640	16000	0	15900
4088	1790251302	6800	0	6800
4089	1790337640	400	5	400
4090	1790424037	250	0	250
4091	1790640036	19000	239	18749
4092	1790510437	38000	22	38000
4093	1790251301	36000	13	36000
4094	1790251305	11000	14	10888
4095	1790251303	7900	0	7900
4096	1790251303	10000	0	10000
4097	1790251303	19000	0	18999
4098	1790510438	39000	0	38999
4099	1790424037	70000	0	70000
4100	1790380838	120000	0	122000
4101	1790640037	140000	0	144998
4102	1790424037	250000	6	249996
4103	1790510439	1000000	0	999882
4104	1790380843	1400000	0	1399999
4105	1790640036	2000000	4	1999997
4106	1790208038	470000	1	460000
4107	1790337643	66000	9	65888
4122	1790553634	9000	0	9000
4123	1790553634	4800	0	4998
4124	1790380840	7000	1	6800
4125	1790380839	29000	1	27500
4126	1790553635	14000	2	14999
4131	1790251301	-1	0	0
4132	1790251298	260	0	266
4135	1790251296	770000000	0	770000000
4136	1790251302	250000000	0	245000000
4137	1790251296	200	2	200
4146	1790467235	8500	0	8500
4147	1790251296	15000	0	17998
4148	1790251303	370000000	0	300000000
4149	1790337640	150	0	150
4150	1790251302	100	0	100
4151	1790467236	900	312	900
4152	1790251298	100	0	100
4153	1790208041	15000	0	27979
4154	1790251303	66000	2	66665
4155	1790337640	90000	0	70380
4156	1790251296	48000	0	48598
4157	1790553632	250000	0	248008
4158	1790640035	1300000	0	1300000
4159	1790337640	1700000	0	1777771
4160	1790294434	34000	21	100
4161	1790251302	300000	0	299000
4162	1790251298	150	0	150
4163	1790251298	100	0	100
4164	1790251298	100	0	100
4166	1790640036	1000000000	0	895000000
4167	1790251296	950000000000	0	895000000
4168	1790251298	1000000000	0	0
4169	1790640036	6300	557	6353
4171	1790337640	73000000	0	60000000
4172	1790251300	2700000	0	2000000
4173	1790467235	3300000	0	1500000
4174	1790380838	4300000	0	4690420
4176	1790640037	100	2287	200
4177	1790596832	310000000	0	379000000
4184	1790510437	4500	0	100
4185	1790251298	100	0	100
4186	1790251298	210	0	202
4187	1790596832	100	0	516
4188	1790251310	600	5	100
4189	1790251301	9800000	0	10000000
4192	1790510439	200	433	200
4196	1790251302	100	202	100
4197	1790251301	100	26	100
4198	1790640038	6200	260	6250
4199	1790251303	300	8	300
4200	1790553633	5000	4	5000
4201	1790251298	150	0	150
4202	1790251303	5000	0	5000
4203	1790251302	150	0	150
4204	1790640035	2400	37	2399
4205	1790251304	700	18	700
4206	1790251303	11000	0	11000
4207	1790251302	30000	0	29800
4208	1790251301	320	0	320
4209	1790251298	110	0	110
4210	1790251298	11000	0	10995
4211	1790467235	2000	0	1999
4212	1790251298	150	6	150
4213	1790251300	240	3	240
4214	1790251298	350	0	350
4215	1790251303	5900	0	5000
4216	1790251298	130	0	130
4217	1790640038	1500	2	1999
4218	1790208038	140	7	139
4219	1790251303	3000	2	3500
4220	1790251298	100	0	100
4222	1790251301	-1	0	0
4223	1790294429	3000000000	0	999999998
4224	1790251300	1800	0	1805
4225	1790251302	8900	0	8899
4227	1790424036	3300000000	0	2000000000
4228	1790251298	300000000000	0	2988000000
4229	1790337640	25000	0	25000
4230	1790380838	13000	0	13333
4231	1790251303	15000	0	14997
4232	1790337640	1000	0	2499
4234	1790640035	2900	2	2900
4235	1790251298	300	2	300
4236	1790294431	130	31	130
4237	1790640036	1400	6	1400
4238	1790596832	11000	20	11000
4239	1790596838	1000	0	110
4240	1790251298	100	0	100
4241	1790640035	3300	0	3877
4242	1790251296	1900	0	1871
4243	1790251302	900	2	900
4244	1790251296	1500	1	1487
4245	1790251298	200	0	200
4246	1790640035	3000	0	3790
4247	1790208038	20000	1	19872
4248	1790640035	95000	0	90000
4249	1790251296	800	0	800
4254	1790337641	12000	0	15000
4255	1790251299	32000	0	31995
4256	1790251302	110	25	110
4257	1790251303	220	0	224
4258	1790337640	170	0	200
4259	1790467235	150	11	149
4260	1790640036	16000	0	15969
4261	1790510437	19000	0	20000
4262	1790640038	13000	10	13477
4273	1790251298	100	20	100
4276	1790640038	500000000	0	100000000
4277	1790596832	450000000	0	25000000
4278	1790208046	810000000	1	200000000
4279	1790424039	14000	0	11500
4280	1790251303	110	40	112
4281	1790467235	300	1	300
4328	1790251303	800000000000	0	999999998
4329	1790251298	150	25	150
4330	1790251296	20000	0	19750
4331	1790251302	68000	0	65001
4332	1790251296	920	1	900
4333	1790553636	20000	31	22122
4334	1790251302	80000	0	80000
4335	1790640037	720000	0	750000
4336	1790337641	190000	1	200000
4337	1790251303	100000	1	99995
4338	1790251303	77000	1	77000
4339	1790251296	190000	1	189895
4340	1790553633	100	28	102
4341	1790251298	100	20	80
4342	1790640037	2100	1794	2100
4344	1790251304	34000000	0	33999990
4345	1790251303	50000000	0	50000000
4346	1790337640	17000000	0	17000000
4347	1790467236	17000000	5	16700000
4348	1790251304	68000000	0	59000000
4352	1790424036	22000000	0	20000000
4353	1790251296	640000000	0	200000000
4354	1790251304	7800000	0	7876543
4355	1790640036	15000000	4	6000000
4356	1790596832	10000000	3	10500000
4357	1790380839	5800000	2	5850000
4358	1790251304	12000000	0	10000000
4359	1790640037	6000000	4	4000000
4360	1790510437	50000000	0	62000000
4361	1790251302	65000000	0	60000000
4362	1790553637	200	0	200
4364	1790294432	100	3	100
4365	1790337640	400	0	3000
4366	1790251301	420	0	400
4367	1790640036	100	0	479
4377	1790251296	100	0	100
4378	1790251298	180	0	190
4379	1790251299	4200	0	4200
4381	1790251296	23000	0	23000
4382	1790424042	3300000	1	2000000
4383	1790251298	550000	0	500000
4384	1790337641	4900000	1	4894997
4385	1790510437	9000	0	9000
4386	1790251300	6400	0	6000
4387	1790251296	7000	0	6994
4388	1790251302	2800	0	2798
4393	1790640038	100	551	148
4394	1790640036	100	898	101
4395	1790640036	100	431	100
4397	1790251298	150	0	150
4398	1790553632	500000000	0	250000000
4399	1790251298	1000000000	0	525000000
4400	1790251296	410000000	0	280000000
4401	1790251298	870000000	0	0
4402	1790251300	450000000	0	498000000
4403	1790251298	950000000	0	0
4406	1790380839	4800000	1	4800000
4407	1790510437	2900000	1	2800000
4408	1790294429	4800000	0	3800000
4409	1790251296	970000	1	968888
4410	1790251304	6700000	1	6700000
4411	1790251298	14000000	0	14900000
4412	1790553637	220000	33	222222
4413	1790251302	110000	58	88888
4414	1790251300	98000	3	98000
4431	1790251296	75000	0	74999
4432	1790251302	8900	7	8888
4433	1790251301	2700	5	2711
4434	1790251303	7000	0	7000
4436	1790251298	100000	0	100000
4438	1790251298	100	0	100
4439	1790251298	100	0	100
4440	1790467236	400	0	400
4441	1790467235	490	0	100
4442	1790596832	500	0	499
4443	1790380839	470	0	374
4444	1790596832	150	66	150
4445	1790294429	350	0	250
4446	1790640035	350	0	350
4447	1790510439	300	13	160
4449	1790251302	16000000	0	19900000
4451	1790337641	6400	0	6399
4452	1790596832	3900	0	230
4453	1790424037	3000	0	4444
4454	1790251298	100	0	100
4455	1790251298	660000	0	666666
4456	1790467235	2000	0	2099
4457	1790640038	330	37	112
4458	1790251302	7500	0	10000
4459	1790596832	12000	0	17969
4460	1790294429	27000	1	26962
4461	1790251303	100	0	100
4462	1790640038	11000	4067	100
4463	1790640038	3900	3548	100
4464	1790640041	5600	3411	100
4465	1790640039	6800	3557	100
4466	1790640039	4600	2666	100
4467	1790553637	4400	163	100
4468	1790553633	850000000	0	780000000
4469	1790510439	110	844	108
4470	1790596834	4500	1165	4500
4471	1790251298	1000	0	1000
4472	1790251302	1000	0	1050
4473	1790251302	4200	0	4250
4474	1790251303	6500	20	6500
4475	1790251305	10000	0	100
4476	1790380838	10000	0	10666
4477	1790251303	8600	0	8666
4478	1790467238	16000	0	100
4479	1790251303	19000	0	100
4480	1790294431	15000	0	12500
4481	1790380838	440000	0	311113
4482	1790251296	320000	0	100
4483	1790251301	600000	0	600000
4484	1790251304	1200000	0	1500000
4485	1790251299	90000	0	89998
4486	1790251298	1500	1	1495
4487	1790510437	400	1	399
4488	1790640036	9700	0	6775
4489	1790640036	2500000	0	2580000
4490	1790251302	15000000	0	14596969
4491	1790251299	4000	0	3995
4492	1790596832	18000	1	18000
4493	1790553633	110000	0	110065
4494	1790251303	20000	0	100
4495	1790251302	7000000	0	6999999
4496	1790337641	250	0	250
4497	1790596834	6800	596	6800
4498	1790251298	150	28	156
4499	1790294431	160	51	169
4500	1790640037	5000	269	5000
4501	1790251298	150	5	156
4502	1790251298	150	35	156
4503	1790640039	3800	238	3800
4505	1790251298	100	0	100
4507	1790251296	990000000	0	800000000
4508	1790640038	1500	668	1500
4517	1790467235	110	0	8880
4518	1790251298	170	0	176
4520	1790251298	19000	0	19000
4521	1790251298	900	0	3999
4522	1790251298	100	0	100
4523	1790337640	160	0	166
4524	1790251298	190	0	188
4525	1790251298	100	72	100
4526	1790251296	130	3	132
4527	1790251298	110	0	116
4528	1790251298	100	0	100
4529	1790208038	3400	0	3440
4531	1790596832	1000	11	1065
4532	1790251303	3000	6	3000
4533	1790251301	1000	7	1040
4534	1790510439	2200	77	2260
4535	1790294430	11000	4	10999
4536	1790251298	950000000	0	900000000
4559	1790380838	1900000	0	1950000
4561	1790294431	9600	0	7500
4565	1790208038	100	1	100
4566	1790337640	30000	0	29992
4574	1790467235	110000000	0	90000000
4575	1790424037	350	0	358
4576	1790251298	480	0	484
4577	1790510438	200000	0	200000
4578	1790251303	790	1	788
4579	1790251301	47000	0	56000
4580	1790380842	37000	1	85000
4581	1790467243	970000	13	7629632
4582	1790251299	130	0	132
4584	1790251296	100	0	100
4585	1790380839	600	0	628
4586	1790596832	100	0	111
4587	1790424036	25000	0	25000
4588	1790251298	100	0	100
4589	1790251299	100	0	100
4592	1790251303	1200000	0	2875000
4593	1790251296	500	0	494
4594	1790510437	100	0	150
4595	1790251299	3000	0	3000
4597	1790251296	650000	1	700000
4598	1790251296	89000	0	80000
4599	1790553633	1800000	19	123
4601	1790251298	100	0	100
4603	1790380838	750000	0	750000
4604	1790251296	300000	1	300000
4606	1790467236	200	0	200
4607	1790510437	1800	6	1800
4608	1790510437	8000	0	8899
4609	1790251295	11000	20	5000
4610	1790510437	29000	0	29097
4611	1790251303	30000	8	30000
4612	1790251296	9000000	0	7000000
4614	1790640038	640000000	1	500000000
4615	1790337640	21000000	0	20899999
4616	1790640036	320000000	0	299000000
4617	1790251298	150	0	150
4618	1790251302	20000	0	20202
4619	1790251296	860000000	0	650000000
4620	1790251300	150	0	150
4621	1790510439	3500	483	3499
4622	1790553636	440	349	448
4623	1790251298	660	144	666
4624	1790251298	200	0	200
4644	1790380838	81000000	0	72900000
4648	1790251298	800000000	0	800000000
4649	1790380840	4500	0	5000
4650	1790251298	200	1	200
4651	1790251296	160	0	160
4652	1790251298	1000	0	1000
4653	1790251296	3000	0	2642
4654	1790380840	100	0	100
4655	1790251298	100	0	100
4656	1790251296	4100	1	4000
4657	1790553632	67000000	1	67500000
4659	1790251308	1400	4	1400
4660	1790424038	4400	0	6665
4661	1790510439	6600	28	6588
4662	1790251302	2000	0	2000
4664	1790380840	200000	0	167000
4665	1790251299	170	0	170
4666	1790251300	170	0	170
4677	1790251301	-1	0	0
4678	1790337640	8000000	0	6000000
4679	1790510439	890	691	500
4680	1790251303	8000000	0	8850000
4681	1790251303	30000000	1	29000000
4682	1790208040	20000000	1	21000000
4683	1790251308	15000000	1	15000000
4684	1790251304	20000000	0	8999999
4685	1790251303	50000000	0	33000000
4686	1790553633	89000000	1	70000000
4687	1790251302	190000	0	200000
4688	1790208038	3500	0	6000
4689	1790251302	17000	0	17400
4690	1790251298	26000	0	26000
4691	1790251304	40000	0	9500
4692	1790640035	790	4	790
4693	1790337644	690	0	689
4694	1790380838	850000	0	870000
4695	1790380838	450	0	140
4696	1790251302	650000000	0	615000000
4698	1790208040	490	132	495
4699	1790337640	890	77	888
4700	1790596832	100	0	100
4701	1790251301	12000000	0	16000000
4703	1790251295	960000000	0	996667000
4704	1790251296	28000	0	29000
4705	1790251296	35000	0	35000
4706	1790251303	750000000	0	700000000
4709	1790251298	860000000	0	720000000
4710	1790251296	1800	0	1881
4712	1790251302	3000000000	0	2000000000
4713	1790596832	740	34	740
4714	1790251298	100	0	100
4715	1790251298	100	0	100
4716	1790251298	100	0	100
4717	1790251296	100	0	100
4718	1790251298	100	0	100
4719	1790251298	100	1	100
4720	1790596832	3600000000	0	999889000
4721	1790251301	1500	0	1599
4722	1790251298	100	2	100
4723	1790337641	700	7	700
4724	1790251303	950	2	949
4725	1790510437	130	0	131
4726	1790251295	340	3	342
4727	1790251298	140	0	141
4728	1790251302	200	0	191
4729	1790553633	210	5	210
4732	1790251303	1700000000	0	1500000000
4733	1790424037	9900	0	11111
4734	1790640035	690000000	0	800000000
4735	1790251302	440	0	999
4736	1790251304	1600	15	1600
4737	1790251298	100	0	100
4738	1790380843	23	0	100
4739	1790510438	45	0	100
4740	1790510437	90	1	100
4741	1790424036	20000	0	22450
4742	1790380840	900	0	899
4743	1790251296	190	0	189
4744	1790553634	1000	244	4000
4745	1790640036	200	290	200
4746	1790640039	470	1202	900
4747	1790467239	500000	0	717717
4748	1790467235	6200000	0	2000000
4749	1790553635	900000000	0	10000000
4750	1790640035	380000000	0	10000000
4751	1790251295	29000000	0	20000000
4752	1790251301	48000000	0	18000000
4753	1790640036	20000000	0	10000000
4754	1790596832	100000000	0	100000000
4755	1790596832	140000000	0	144000000
4756	1790208038	33000	0	100
4758	1790251298	100	94	100
4759	1790251304	320000000	0	250000000
4761	1790640038	7300	268	7345
4762	1790640036	22000	14	22221
4763	1790640036	6400	5	6420
4764	1790640037	970	1243	975
4765	1790337640	10000	20	10000
4766	1790553633	10000	0	50000
4767	1790640036	3000	1	2500
4771	1790596837	14000	12	15000
4811	1790467235	100	2	100
4818	1790251296	220000	0	450000
4819	1790553632	40000	0	67000
4820	1790596832	2800	0	2780
4821	1790251299	200	0	200
4822	1790424037	650000	1	645000
4823	1790251302	68000	1	67889
4824	1790380838	340000	1	340000
4825	1790337641	50000	2	49999
4826	1790294431	2000000	1	2000000
4827	1790251296	1600000000	0	1940000000
4828	1790251295	550	32	2000
4829	1790294429	1100	1	1100
4830	1790380845	870	1	100
4831	1790251303	470	0	450
4832	1790510437	750	0	950
4833	1790424036	8000	0	14887
4834	1790596832	2000	0	2030
4835	1790208038	960	0	1006
4836	1790251296	1100	0	1000
4837	1790251296	1300	0	1200
4838	1790251296	5700000	0	4500000
4839	1790251298	200	0	200
4840	1790251302	200	0	200
4841	1790251304	25000	0	25000
4842	1790251301	25000	0	100
4843	1790596832	250000	2	250000
4844	1790251303	50000	0	45678
4851	1790510437	3000000	0	2000000
4853	1790553637	200	914	200
4856	1790596832	250000	0	250000
4857	1790251303	30000	1	30000
4859	1790640036	4600000	1	3750000
4860	1790251295	4200000	0	4180000
4861	1790251298	3000000	0	3000000
4862	1790337640	3300000	0	3340000
4863	1790596832	4600000	0	3500000
4864	1790251296	50000	1	50000
4865	1790251296	5000000	0	4750000
4866	1790251298	25000	0	25000
4875	1790640035	890000	0	900000
4883	1790251302	50000	0	100
4884	1790251298	120000	0	129999
4885	1790640036	20000	1	20580
4886	1790510437	86000	0	86666
4887	1790251302	300000	0	299999
4888	1790251303	850000	0	299999
4893	1790251301	500000	0	499000
4896	1790251303	130000	1	135000
4897	1790251304	140000	0	100
4898	1790251303	500000	1	499999
4899	1790510437	330000	1	333333
4900	1790251303	75000	0	74994
4901	1790251303	160000	0	250000
4902	1790251304	2400000	0	2000000
4903	1790251301	120000	0	100
4904	1790467235	680000	1	684777
4908	1790553632	500000000	0	299000000
4930	1790251295	1800000000	0	1199000000
4937	1790251302	7700000000	0	1323000000
4938	1790467235	650	5	650
4939	1790510437	42000	53	42000
4940	1790251302	100	0	100
4941	1790251298	100	0	100
4948	1790251299	100	5	100
4949	1790467235	100	41	100
4950	1790640036	100	67	100
4951	1790251298	100	0	100
4952	1790640039	420	6460	425
4953	1790251298	100	0	100
4954	1790510437	310	0	100
4955	1790380838	100	0	100
4956	1790251302	110	1	114
4957	1790251302	100	0	100
4958	1790251298	110	0	110
4959	1790251298	100	0	100
4960	1790251299	110	0	116
4963	1790251303	400	0	399
4965	1790424037	990000000	0	600000000
4966	1790596838	15000	214	12475
4967	1790640038	1500	72	1000
4968	1790640036	1500	0	100
4969	1790467236	1500	2	1500
4970	1790553634	1400	0	1599
4971	1790640038	1500	1	1600
4972	1790640036	1500	1	1000
4973	1790640036	1900	1	2000
4974	1790380838	1600	0	1590
4975	1790510437	1600	0	1550
4976	1790208041	1600	0	1500
4977	1790380838	1600	0	1590
4978	1790640036	8000	1	8000
4979	1790510437	8700	0	9000
4980	1790380838	8000	0	7900
4981	1790596832	8000	1	7990
4982	1790467236	9900	0	6800
4983	1790208040	7900	0	8000
4984	1790467235	85000	0	89000
4985	1790640036	480000	0	600000
4986	1790640036	85000	1	85900
4987	1790251296	1900000	0	2200022
4988	1790251304	90000	0	92000
4989	1790251303	90000	0	92000
4990	1790251304	95000	0	100000
4991	1790640036	110000	2	55555
4992	1790510437	650000	0	650000
4993	1790251304	82000	0	90000
4994	1790510437	100000	0	96969
4995	1790251304	110000	0	100000
4996	1790251304	80000	0	80000
4997	1790640036	95000	2	44444
4998	1790251304	96000	0	96000
4999	1790251304	840000	0	850000
5000	1790251304	430000	0	450000
5001	1790251302	470000	0	475000
5002	1790640041	800000	3	160000
5003	1790640037	250000	4	222222
5004	1790510437	440000	0	444444
5005	1790294429	7000000	0	4999998
5006	1790251302	7500000	0	7500000
5007	1790251302	6900000	0	6899999
5008	1790380840	700000	11	100
5009	1790208038	9900000	0	9999995
5011	1790251295	20000000	0	18000000
5012	1790208042	2000	479	2000
5013	1790596832	1000	39	1000
5014	1790596832	140	0	101
5015	1790251305	110	0	101
5016	1790380841	300	2	300
5017	1790424036	110	0	101
5018	1790380839	100	0	101
5019	1790467237	2200	2	2391
5020	1790640036	2300	31	2350
5021	1790337641	2300	0	2393
5022	1790251296	240000000	0	200000000
5023	1790251298	100	12	100
5024	1790251296	150000	0	150000
5025	1790337640	400000	0	400000
5026	1790251296	4800000	0	4800000
5027	1790251296	700000	0	700000
5047	1790251296	2500000000	0	900000000
5048	1790380843	100	310	103
5052	1790596832	2500	16	3333
5053	1790596832	1000000	0	380000
5054	1790251302	540000	0	548000
5055	1790251296	28000	0	27971
5057	1790251303	300000	0	299000
5058	1790380839	100000	0	100
5059	1790251302	5900	0	5899
5062	1790380838	100	1	100
5064	1790424040	270	45	268
5065	1790380838	440	1	444
5066	1790553637	20000	4	17500
5067	1790251302	2400	0	2400
5068	1790510439	330	33	100
5073	1790251296	100	0	100
5074	1790251298	990	0	987
5075	1790251303	4500	0	4512
5076	1790251303	4900	0	4900
5077	1790553636	40000	0	9999
5078	1790640035	7600	0	7600
5079	1790251298	900	0	900
5080	1790596832	6400	0	7400
5081	1790251298	800	0	800
5082	1790467235	6000	3	6000
5083	1790251300	8000	0	7997
5084	1790251298	600	0	600
5085	1790251302	18000	1	18000
5086	1790251303	3600	0	3650
5087	1790596832	100	0	125
5088	1790251303	990	0	995
5089	1790337640	28000	0	29000
5090	1790596832	250	0	250
5091	1790380838	800	0	880
5092	1790467235	300	0	375
5093	1790251303	490	1	660
5094	1790380838	1200	0	1000
5095	1790251303	400	1	400
5096	1790380838	60000	0	60000
5097	1790424036	2000	0	2050
5098	1790251303	870	0	875
5099	1790251298	1800	0	1800
5100	1790251305	9800	0	9800
5101	1790208038	9000	0	9000
5102	1790467235	17000	30	17000
5103	1790251298	100	43	100
5104	1790640038	78000	34	78000
5105	1790380838	14000	7	14000
5106	1790251300	1000000	0	1250000
5107	1790251301	-1	0	0
5109	1790251303	640	0	635
5110	1790467236	48000	2	48000
5111	1790596832	20000	4	19995
5112	1790251302	460000000	0	500000000
5114	1790251298	140	2	140
5115	1790510440	170	113	170
5120	1790640036	450	1	12995
5121	1790251301	-1	0	0
5122	1790553633	35000000	1	30000000
5123	1790251301	5000000	0	6000000
5124	1790553634	150000000	3	154000000
5125	1790251302	200	0	200
5126	1790467235	230	185	373
5127	1790251296	200	0	200
5128	1790251295	220	0	219
5129	1790553633	200	0	430
5130	1790251303	330	0	331
5131	1790251298	390000	0	388888
5132	1790251298	100	7	100
5133	1790251298	100	1	100
5134	1790510442	690	12059	699
5144	1790553636	4400	111	4450
5157	1790424037	110	52	108
5164	1790251298	410000000	0	439000000
5166	1790251298	150	0	151
5169	1790251298	300	8	300
5170	1790640036	7500	1815	7500
5173	1790251301	300	0	650
5188	1790251298	100	20	100
5189	1790251302	100	35	100
5190	1790251304	240000000	0	200000000
5191	1790251303	1900	0	1800
5192	1790251304	370	0	100
5198	1790380839	5100	405	5099
5199	1790510437	7000	15	6995
5200	1790380838	5300	0	5335
5201	1790380839	6200	26	5500
5202	1790640036	5700	20	5000
5203	1790294429	5700	0	5700
5204	1790510437	5000	0	5005
5205	1790251302	7600	0	7887
5206	1790640036	6200	5	6499
5207	1790251304	7700	0	8000
5208	1790640036	12000	39	12725
5209	1790424039	6000	0	100
5210	1790510437	5000	0	100
5211	1790251304	8000	0	5555
5212	1790424037	5800	0	5900
5213	1790208038	12000	3	12000
5214	1790294429	6200	0	6773
5215	1790251298	10000	0	7500
5216	1790510437	5800	102	5900
5217	1790251302	8000	0	10006
5218	1790596832	7000	0	7000
5219	1790251302	6300	0	5500
5223	1790640036	370000000	1	375000000
5224	1790251303	1000	0	1000
5225	1790596832	5500	9	5000
5226	1790640036	14000	596	14497
5227	1790640038	17000	204	17395
5228	1790510439	320	0	333
5229	1790251303	5600	2	5600
5230	1790640041	1300	1	100
5231	1790553633	8000	29	8000
5232	1790640041	17000	954	16750
5233	1790553632	6200	0	6200
5234	1790510437	8200	0	8975
5235	1790251298	4300	0	4400
5236	1790251298	5000	0	5000
5237	1790251302	6000	1	6000
5238	1790251300	100	3	100
5239	1790596832	1000	54	999
5240	1790640038	15000	105	14895
5241	1790251300	100	21	100
5242	1790640035	310	0	310
5243	1790510437	10000	28	100
5244	1790337640	430	1	432
5245	1790467235	390	1	390
5246	1790596832	110	0	100
5247	1790510437	200	0	100
5248	1790510440	14000	67	15000
5249	1790380840	780	0	750
5250	1790467235	260	1	262
5251	1790596832	1500	1	1472
5252	1790380839	300	0	100
5253	1790510437	300	0	369
5254	1790510437	400	0	500
5255	1790251303	500	2	501
5256	1790467238	15000	80	15000
5257	1790467239	15000	355	14947
5258	1790640035	14000	12	13998
5259	1790251304	4300	0	4200
5260	1790380842	11000	31	10750
5261	1790251304	7700	0	7750
5262	1790251302	10000	0	9900
5263	1790251299	6000	0	5813
5264	1790467235	4000	0	5330
5265	1790596832	12000	6	100
5266	1790640035	13000	0	13000
5267	1790251295	10000	20	10000
5268	1790251303	6600	0	6999
5269	1790294429	8500	0	111
5270	1790596832	9400	0	100
5271	1790251296	9200	0	3000
5272	1790251302	11000	0	11000
5273	1790424036	6900	0	6900
5274	1790251303	7000	0	6995
5275	1790251298	1000	0	999
5276	1790251302	2600	0	2610
5277	1790251303	190	0	190
5278	1790251303	4600	0	4880
5279	1790251301	6900	0	6883
5280	1790208039	1400	0	1111
5281	1790251303	8700	0	8700
5282	1790251303	1500	0	1590
5283	1790337640	3000	0	3000
5284	1790251303	1300000000	0	1000000000
5285	1790510437	1100	4257	1088
5286	1790640037	370	1	374
5287	1790251303	340	28	344
5288	1790251298	100	2	100
5289	1790380838	500	73	500
5290	1790251303	200	41	200
5291	1790640038	430	3	100
5292	1790251301	960	81	960
5293	1790251301	530	0	532
5294	1790510440	400000	0	550000
5295	1790510439	4500000	0	4300000
5296	1790251302	1100	0	1240
5298	1790251303	200000	0	199000
5300	1790640036	7900	26	7887
5301	1790251296	1600000000	0	1000000000
5307	1790467236	900	0	1499
5308	1790467235	70000	0	70500
5309	1790251299	6500	0	8000
5310	1790251299	410000	1	415000
5311	1790553632	120000	0	100
5312	1790251303	34000	0	33710
5313	1790251303	840	0	100
5314	1790251303	400	0	400
5315	1790251302	25000	0	100
5316	1790251298	3400	0	3443
5317	1790208040	200000	0	200000
5318	1790251302	6900	0	6900
5319	1790251302	12000	0	100
5320	1790251295	8000	1	7998
5321	1790640036	540	0	603
5322	1790294431	6200	0	5000
5323	1790510439	4500	0	4900
5324	1790337640	10000	0	9985
5325	1790380842	70000	3	70000
5326	1790251296	300000	0	300000
5327	1790380842	50000	0	49999
5328	1790294432	30000	81	50000
5329	1790251299	28000	0	28000
5330	1790380842	89000	0	88888
5331	1790251296	90000	0	90000
5332	1790640035	75000	0	80000
5333	1790510437	10000	1	9999
5334	1790251295	150000	0	150000
5335	1790337640	9800	1	9800
5336	1790251296	35000	0	35000
5341	1790380840	40000000	0	40000000
5342	1790596832	12000	0	11900
5345	1790380842	400	0	400
5346	1790337641	100	84	160
5370	1790251299	100	0	100
5371	1790251304	380000000	0	359999999
5372	1790553632	90000	1	90699
5373	1790553632	70000	1	71000
5374	1790424037	310000	0	374999
5375	1790553632	69000	1	69800
5376	1790553632	100000	2	99800
5377	1790251296	8800000000	0	2500000000
5378	1790251302	150	0	150
5379	1790640041	3800	366	3809
5380	1790640035	790	1	790
5381	1790337640	77000	1	77000
5382	1790596833	64000	1	60000
5383	1790467235	140000	0	185000
5384	1790251295	170000	2	169000
5385	1790208042	50000	2	49995
5386	1790380839	45000000	0	44000000
5387	1790553633	69000000	0	31500000
5388	1790424037	31000000	0	25000000
5389	1790251302	50000	0	50000
5390	1790251302	44000	0	49998
5391	1790251301	-1	0	0
5393	1790294431	4300	0	3500
5394	1790251304	7500	0	6750
5395	1790553640	2900	3074	3100
5396	1790596834	3700	1462	3690
5397	1790467239	10000	0	14200
5398	1790251302	12000	0	16400
5399	1790596832	39000	3	40000
5400	1790251296	120000	0	230000
5401	1790467235	20000	16	19964
5402	1790640035	300	14	210
5403	1790251303	390000000	0	440000000
5405	1790424039	5000	0	100000
5406	1790251296	21000	1	20000
5407	1790337644	8700	92	8700
5408	1790251302	3200	10	3200
5409	1790337640	3000	0	1500
5410	1790251302	3000	40	2999
5411	1790553634	2200	17	2220
5412	1790251304	2500	0	2525
5413	1790640037	190	593	175
5414	1790251299	150	1	150
5415	1790251298	100	1008	100
5416	1790337641	70000	0	74984
5417	1790337641	170000	0	174000
5418	1790251302	64000	0	62000
5419	1790251295	170000	0	175000
5420	1790640035	37000	0	36745
5421	1790424037	170000	0	190000
5422	1790510437	120000	0	160011
5423	1790251301	94000	0	90000
5424	1790640035	110000	1	94440
5425	1790251296	100000	2	90000
5430	1790294430	5500	0	600
5431	1790251302	6700000	0	5000000
5432	1790251302	4800000	0	3000000
5433	1790251302	7000000	0	6750000
5435	1790640037	500	1306	400
5436	1790251302	2500	0	2500
5437	1790251296	70000	0	70000
5438	1790596832	7000	8	6997
5439	1790596834	150000	0	100006
5440	1790251302	29000	0	33000
5442	1790251301	2500000000	0	1000000000
5443	1790640036	1800	0	2549
5444	1790251304	1100	54	1088
5445	1790467237	280	30	287
5446	1790510437	600	33	873
5447	1790510439	990	10	992
5454	1790251298	100	0	100
5455	1790251298	100	0	100
5456	1790251298	100	1	100
5458	1790251303	590000	0	595000
5459	1790208039	17000	20	16944
5460	1790510437	1700000	3	1734975
5461	1790640036	610000	0	625000
5462	1790251305	900000	0	949999
5463	1790251303	630000000	0	680000000
5464	1790596833	1600	761	1588
5465	1790467239	220	133	217
5466	1790251298	100	20	100
5467	1790251298	100	20	100
5468	1790251298	100	20	100
5469	1790251298	100	46	100
5470	1790640036	2600	274	2600
5471	1790553639	15000	460	14900
5472	1790640041	1500	1398	1497
5473	1790251299	100	4	100
5474	1790251298	100	3	100
5475	1790640040	310	891	308
5476	1790251299	100	0	100
5477	1790251298	100	80	100
5478	1790251298	100	19	100
5479	1790251301	100	55	100
5480	1790596835	100	132	100
5481	1790251303	100	22	103
5482	1790640036	220	2617	220
5483	1790640036	200	3080	200
5484	1790640037	200	2812	200
5485	1790337641	410000	1	411000
5486	1790251295	210000	0	240000
5487	1790251296	720000	1	725000
5488	1790251302	5000	0	7542
5489	1790337640	7900	0	7000
5490	1790510437	7600	0	7650
5491	1790251298	300000	0	300000
5492	1790251298	550000	0	549990
5493	1790337640	440000	0	300200
5494	1790251300	380000	0	385650
5495	1790337640	280000	0	250000
5496	1790251299	120000	0	119000
5505	1790208042	15000	0	12500
5506	1790553634	11000	0	20000
5507	1790251303	3300	3	100
5508	1790553636	110000	0	118000
5509	1790553634	8000	8	7995
5510	1790424038	15000	22	14800
5511	1790510437	100	243	100
5512	1790510437	100	93	100
5513	1790208038	100	26	100
5514	1790294429	100	21	100
5515	1790553632	2200	0	2500
5516	1790553632	2200	0	2600
5517	1790553632	1600	0	1700
5518	1790251296	1300	0	1300
5519	1790553632	1500	0	1600
5520	1790251296	1700	0	1700
5521	1790251296	3000	0	3000
5522	1790251296	4800	0	4800
5523	1790251296	1800	0	1800
5524	1790251296	1800	0	1800
5525	1790337640	30000	0	45000
5526	1790337640	100	20	100
5527	1790251298	150	0	150
5528	1790251296	100	0	100
5529	1790251302	100	0	100
5530	1790380842	20000	5	19900
5531	1790467236	1900	0	1750
5532	1790510437	2900	0	2000
5533	1790640038	5000	0	5000
5534	1790510437	180	0	177
5535	1790251303	5800	4	5775
5536	1790251298	100000	0	99663
5537	1790640036	6600	1525	100
5538	1790251302	160	0	132
5539	1790251303	100	0	100
5540	1790251302	20000	0	20000
5541	1790553633	30000	0	30500
5542	1790251301	260	0	265
5544	1790251298	77000	1	80000
5545	1790251303	57000	0	58900
5546	1790208038	600000	0	606050
5548	1790251303	230000	0	235000
5550	1790337641	120000	1	119993
5553	1790337640	820000000	0	500000000
5555	1790251305	650	0	650
5568	1790553632	25000	0	24770
5569	1790640036	95000	0	5000
5570	1790640036	30000	0	35000
5573	1790553636	110	130	100
5574	1790251296	100	0	100
5575	1790337640	500	1	498
5576	1790510437	1800	0	1949
5577	1790251304	2500	1	2523
5578	1790510440	120	137	123
5579	1790251298	100	10	100
5580	1790251298	100	0	100
5581	1790553632	120	1	126
5582	1790424038	240	1	244
5583	1790596832	210	9	214
5584	1790380839	150	10	151
5585	1790640037	100	8	100
5586	1790251295	110	0	111
5587	1790251310	330	31	444
5588	1790251298	100	0	100
5589	1790251302	230	0	230
5590	1790596832	8000	28	8000
5591	1790251302	150	0	150
5592	1790596832	100	72	100
5593	1790251302	360	0	359
5594	1790251299	100	0	100
5595	1790596832	100	6	100
5596	1790596835	270	1	200
5597	1790424040	3100	0	3333
5598	1790251300	100	0	195
5599	1790596832	130	10	135
5600	1790251296	100	1	100
5601	1790640037	130	4	133
5602	1790251303	160	7	160
5603	1790251298	100	0	100
5604	1790251298	100	7	100
5605	1790251302	140	3	140
5606	1790251298	100	1	100
5607	1790251302	100	14	100
5608	1790510439	120	203	123
5609	1790251296	100	0	100
5610	1790380842	250	0	272
5611	1790251302	170	3	171
5612	1790251298	100	0	100
5613	1790251298	100	0	100
5614	1790337640	140	2	141
5615	1790337640	180	0	177
5616	1790251300	100	0	100
5617	1790251302	130	0	129
5618	1790510437	400	10	542
5619	1790251298	100	0	100
5620	1790640035	300	2	302
5621	1790251299	100	0	100
5622	1790510437	270	0	100
5623	1790596832	230	0	229
5624	1790640036	100	200	100
5625	1790251305	270	0	332
5626	1790251303	2600	0	2600
5627	1790251298	100	0	100
5628	1790251302	100	108	100
5629	1790251304	400	1	400
5630	1790596832	3300	0	3332
5631	1790380839	450	0	492
5632	1790337643	2000	1	1000
5633	1790251299	100	0	100
5634	1790596833	160	2	170
5635	1790251303	700	1	700
5636	1790251298	100	1	100
5637	1790251302	160	10	162
5638	1790553636	1400	1	1500
5639	1790251295	170000000	0	160000000
5640	1790251298	150	0	150
5641	1790251298	100	18	100
5642	1790251298	100	11	100
5643	1790510437	660	40	660
5644	1790251307	900	120	999
5646	1790640036	4000	8	4400
5647	1790380838	70000	2	70000
5648	1790251303	630000000	0	400000000
5649	1790467236	90000	2	29999
5650	1790251303	740000000	0	450000000
5651	1790251302	8500	0	8500
5652	1790251296	72000000	0	71700000
5654	1790251301	450	0	100
5655	1790251301	450	0	100
5657	1790424036	13000000	0	12999921
5658	1790424036	15000000	0	14990000
5659	1790640035	2700000	0	2700000
5660	1790424036	7600000	0	9250000
5661	1790380838	5300000	0	5366419
5662	1790251303	750000000	0	480000000
5670	1790251299	120	1	122
5671	1790251298	120	0	122
5672	1790251298	100	33	100
5673	1790251298	100	2	100
5675	1790251300	100	4	100
5676	1790251298	100	1	100
5677	1790251302	100	2	100
5678	1790294429	870	50	875
5679	1790251295	100	0	100
5680	1790596835	28000	371	24444
5681	1790510437	100	0	100
5686	1790251302	750	0	755
5689	1790251298	150	0	150
5691	1790251296	5000	0	5049
5696	1790424040	110	167	116
5697	1790251301	-1	0	0
5698	1790337641	4700	0	4000
5699	1790640037	55000	195	55553
5700	1790424038	8500	0	8999
5701	1790251302	790000000	0	775000000
5702	1790251302	1600	0	1618
5703	1790467235	100	312	100
5708	1790251302	15000	8	5000
5709	1790337641	8000000	0	5000000
5712	1790337640	20000000	0	11000000
5713	1790640036	190000000	0	100000000
5715	1790251303	390000000	0	390000000
5717	1790640041	6700	5	2500
5718	1790251301	3000000	0	3000000
5719	1790251303	1100	0	1100
5720	1790640038	83000	17	90000
5721	1790251302	99000	0	100
5722	1790640036	38000000	1	32500000
5723	1790251298	10000	0	100
5724	1790467235	90000	0	90000
5725	1790640037	170000	0	275000
5729	1790294429	2700000	0	500000
5730	1790424040	1800	93	1782
5731	1790596832	330	755	100
5734	1790251303	230000	0	100
5736	1790251304	100	0	101
5737	1790640037	1500	0	3200
5738	1790251304	190000000	0	150000000
5740	1790251298	100	34	100
5741	1790208039	190	0	225
5742	1790640036	100	747	110
5743	1790640036	100	412	144
5744	1790251298	100	48	100
5745	1790251303	300	0	285
5746	1790251295	1000	20	1001
5747	1790251304	250	6	249
5748	1790208038	8600	25	8600
5749	1790380842	200	67	250
5750	1790251302	100	0	100
5752	1790251298	100	0	100
5753	1790251298	100	0	100
5754	1790251298	150	0	154
5759	1790467237	70000	4	69996
5762	1790467236	900	0	1089
5767	1790337641	5800000000	0	2949050000
5775	1790251298	150	0	150
5779	1790251302	500	0	800
5780	1790380839	660	28	659
5781	1790337641	650	23	650
5788	1790424040	20000	77	20000
5789	1790640040	370	5034	375
5790	1790251302	210000000	0	190000000
5791	1790251301	120000000	0	120000000
5792	1790251298	120000000	0	120000000
5794	1790251298	100	0	100
5795	1790251298	100	29	100
5796	1790251298	100	0	100
5797	1790251298	100	0	100
5798	1790251303	100	0	100
5799	1790380839	600	45	600
5800	1790251298	100	0	100
5801	1790251298	100	0	100
5802	1790380839	100	0	799
5803	1790251299	100	0	100
5804	1790251298	100	0	100
5805	1790251299	100	0	100
5806	1790251298	100	0	100
5807	1790251299	100	0	1001
5808	1790251299	100	1	100
5809	1790251299	100	0	100
5810	1790251303	500	0	494
5811	1790251299	100	0	100
5812	1790251299	100	0	100
5813	1790337647	1700	0	100
5814	1790640035	100	0	100
5815	1790251299	100	27	100
5816	1790251299	100	0	100
5817	1790251303	500	0	494
5818	1790251299	100	0	100
5819	1790251300	100	0	100
5820	1790251303	500	0	494
5821	1790294429	2200	0	500
5822	1790251299	100	0	100
5823	1790553633	500	11	496
5824	1790251299	100	15	100
5825	1790251299	100	69	100
5826	1790251296	100	0	100
5827	1790251296	100	0	100
5828	1790337644	500	1	100
5829	1790251299	100	0	100
5830	1790251299	100	0	100
5831	1790251299	100	0	100
5832	1790251299	100	0	100
5833	1790251299	100	128	100
5834	1790251299	100	0	100
5835	1790251299	100	100	100
5836	1790251299	100	0	100
5837	1790251299	100	0	100
5838	1790251303	100	0	100
5839	1790251300	100	0	100
5840	1790251299	100	18	100
5841	1790251303	100	1	101
5842	1790251296	100	0	100
5843	1790251299	100	0	100
5844	1790251299	100	0	100
5845	1790251303	700	87	700
5846	1790251299	100	0	100
5847	1790553638	900	112	998
5848	1790251299	100	0	100
5849	1790251299	100	0	100
5850	1790251299	100	0	100
5851	1790510437	1100	1	1089
5852	1790251299	100	0	100
5853	1790251299	100	0	100
5854	1790251301	100	0	100
5855	1790467236	170	2	169
5856	1790251303	100	1	100
5857	1790251301	500	1	100
5858	1790251303	100	0	100
5859	1790251302	500	91	502
5860	1790424037	590	0	594
5861	1790251299	100	38	100
5862	1790380842	870000000	0	640000000
5863	1790596833	2700	747	2699
5879	1790251296	370000000	0	790000000
5881	1790596832	8400	106	8488
5882	1790553632	6700	0	6500
5883	1790337640	5000	5	5000
5884	1790251302	37000	0	62499
5886	1790251303	35000	0	34999
5887	1790424036	6300	5	6300
5888	1790251296	72000	2	80000
5889	1790251303	30000	0	37000
5890	1790337640	55000	3	40000
5891	1790251299	150	0	150
5892	1790251299	100	77	100
5893	1790380839	7600000000	0	2150000000
5894	1790251296	490	0	779
5895	1790251299	3300000000	0	3000000000
5896	1790596832	900	1	150
5897	1790596837	3800	306	3790
5898	1790380842	99000	2	99999
5899	1790337641	80000	22	80000
5900	1790640036	96000	1	96000
5901	1790251304	91000	0	91165
5902	1790510437	73000	4	72000
5903	1790553633	99000	16	100000
5904	1790251296	-1	0	999999999999
5905	1790596832	39000	18	42000
5906	1790251301	9600	0	9606
5907	1790337640	21000	0	20898
5910	1790251302	690000000	0	540000000
5911	1790510437	900	0	420
5913	1790251302	160000	0	166880
5914	1790337644	17000	0	18150
5915	1790251303	800000	0	806006
5916	1790251300	370000	0	374498
5917	1790251301	90000	0	90000
5918	1790553632	310000	1	314000
5919	1790251303	170000	1	169000
5920	1790553632	370000	1	367999
5921	1790208040	110000	1	109000
5922	1790208038	77000	1	76999
5923	1790251303	970	0	500
5924	1790510437	100	0	975
5925	1790251304	7400000	0	7200000
5926	1790251296	200000000	0	135000000
5927	1790380838	6900000	0	6900000
5928	1790424039	12000000	1	12000000
5929	1790640036	160000	1	140000
5930	1790553634	5600	20	100
5931	1790424036	6000000	0	6150000
5932	1790467235	2600	0	1000
5933	1790640036	70000	0	86000
5934	1790640036	600	2	2000
5935	1790337641	1100	0	1100
5936	1790640035	750	1	500
5937	1790380845	740	269	500
5938	1790337641	1400	0	824
5939	1790380839	1000	0	1004
5940	1790424037	970	0	999
5941	1790553632	1100	0	400
5942	1790596832	1000	0	800
5943	1790510437	2000	0	695
5944	1790380839	970	0	969
5945	1790553632	1400	0	1397
5946	1790424037	1000	0	998
5947	1790553632	1000	0	999
5948	1790337640	700	0	899
5949	1790380845	4000	0	888
5950	1790337641	2200	3	2249
5951	1790337640	970	0	947
5952	1790424037	1100	0	800
5953	1790553642	3500	0	500
5954	1790510437	1700	0	1745
5955	1790553632	1500	0	1478
5956	1790553632	1300	0	1299
5957	1790380838	1300	0	1275
5958	1790467235	1500	1	20000
5959	1790337640	1000	0	750
5960	1790553632	1000	0	900
5961	1790337640	1300	0	1288
5962	1790640036	4800	3	5000
5963	1790251304	1500000	0	1500000
5965	1790596832	17000000	0	30000000
5967	1790553638	30000	0	30000
5968	1790467235	400000	0	400000
5969	1790553632	240000	0	311850
5970	1790467235	500000	0	440000
5971	1790251303	1300000	0	1500000
5973	1790251303	2000000	0	2000000
5975	1790251303	1100000	0	1100000
5977	1790251305	16000000	0	7500000
5978	1790294432	210	5	210
5979	1790251299	500	0	500
5980	1790467236	570	12	572
5981	1790553632	420	0	450
5982	1790251299	100	0	100
5983	1790251299	100	0	100
5984	1790251301	75000	0	74744
5985	1790251299	24000	0	24500
5986	1790510439	120	28	120
5987	1790251299	1000	0	1000
5988	1790251303	10000	0	9998
5989	1790208038	1200	0	1250
5990	1790510441	120	235	118
5991	1790337641	300	196	200
5992	1790337641	5500	0	3400
5993	1790380838	2000	0	1995
5994	1790596832	10000	88	10000
5995	1790251299	2000	87	2000
5996	1790251303	38000	2	38500
5997	1790640042	2400	0	100
5998	1790294432	330	98	333
5999	1790251303	480	1	484
6000	1790251303	4000	1	5000
6001	1790467236	790	1	793
6010	1790251299	100	2	100
6011	1790553636	110	47	100
6012	1790251299	190	5	190
6013	1790251299	120	0	120
6014	1790251299	100	0	100
6015	1790251299	130	76	130
6016	1790380838	140	27	140
6017	1790251299	110	0	110
6018	1790596833	100	25	100
6019	1790251301	100	2	100
6020	1790251299	180	0	180
6021	1790251301	160	0	160
6022	1790251299	200	0	200
6023	1790251301	190	0	190
6024	1790251300	240	0	240
6025	1790251299	100	25	100
6026	1790251299	100	0	100
6027	1790467236	250	47	250
6028	1790251301	110	81	110
6029	1790251304	120	8	121
6030	1790337641	170	3	172
6031	1790251308	500	104	500
6032	1790251301	220	0	220
6033	1790251299	160	1	160
6034	1790251301	170	0	170
6035	1790251302	100	7	100
6036	1790510439	100	62	100
6037	1790596832	180	28	179
6038	1790640038	430	47	456
6039	1790596832	600	2	600
6040	1790510439	890	1	891
6041	1790553632	790	13	700
6042	1790294429	4500	0	4500
6043	1790251302	400	0	400
6044	1790510437	25000	2	25000
6046	1790640035	26000000	1	26000000
6047	1790251299	2000	1	2000
6048	1790251299	2000	0	2000
6049	1790251299	2000	0	2000
6050	1790251299	150	8	150
6051	1790251303	2500000	0	3140000
6052	1790251299	100	30	100
6053	1790251299	100	0	100
6054	1790380839	140	1	180
6056	1790294429	15000000	0	12400000
6063	1790510437	4000000	0	1800000
6064	1790251303	950000	0	950000
6065	1790251303	950000	0	950000
6066	1790251303	950000	0	950000
6068	1790251303	2000000	0	1899999
6069	1790251296	2000000	0	1999999
6070	1790251299	2000000	0	2000000
6071	1790424037	770000000	0	735000000
6072	1790467236	240	96	239
6073	1790251299	100	0	100
6074	1790510437	300	0	391
6075	1790640036	510	121	519
6076	1790251299	100	0	100
6077	1790251299	100	908	100
6078	1790380839	2900	20	2900
6079	1790251303	100	0	100
6080	1790251299	100	176	100
6081	1790251301	100	4	100
6082	1790251299	100	0	100
6083	1790294429	100	5	100
6084	1790640036	19000	120	8400
6085	1790380838	320	4	320
6097	1790251299	55000	0	59000
6102	1790380840	4500	0	4500
6103	1790596832	650	7	650
6104	1790553632	5500	2	5569
6105	1790294431	490	7	494
6106	1790208038	1200	4	1200
6107	1790294430	1300	7	1299
6109	1790510437	890000	0	999998
6110	1790251299	170000	0	141403
6111	1790251300	8900000	0	1000000
6119	1790251302	130	0	270
6120	1790251303	1300	2	1500
6121	1790251301	220	0	100
6122	1790380838	1800	5	2000
6123	1790424037	340	0	450
6125	1790251301	270	0	350
6126	1790251296	900	0	100
6131	1790510438	900	2	2000
6132	1790424043	3000000	0	1337067
6134	1790251296	100	0	100
6135	1790251299	100	0	100
6136	1790251299	100	0	100
6137	1790251300	100	0	100
6138	1790251299	100	0	100
6139	1790251296	4700	0	7000
6140	1790640038	10000	0	10000
6141	1790208040	7500	0	10500
6142	1790251299	100	3	100
6143	1790251299	100	0	100
6144	1790251303	500	0	499
6149	1790251299	150	0	150
6150	1790467236	360000000	0	368000000
6151	1790640035	1600	434	1600
6152	1790380840	600	0	626
6153	1790251301	190	0	100
6154	1790596833	2500	101	2480
6155	1790337640	410	0	410
6162	1790251302	3000000	0	3000000
6163	1790251302	450000	0	300000
6169	1790337640	700	0	699
6170	1790251299	100	0	100
6171	1790337640	120	2	119
6172	1790251301	2500	2	2500
6173	1790380838	36000	0	35500
6174	1790510437	2000	62	2000
6238	1790251301	-1	0	0
6239	1790251303	500	1	500
6240	1790251299	100	20	100
6241	1790251300	100	1	100
6242	1790251299	100	0	100
6243	1790251299	100	0	100
6244	1790251302	110	0	110
6245	1790424037	2100	0	100
6246	1790251295	480	0	483
6247	1790251295	250	0	250
6248	1790251299	100	0	100
6249	1790337641	15000	0	8888
6251	1790467236	11000	3	10879
6252	1790251304	1100	3	1099
6253	1790337641	220000	1	220000
6254	1790553634	290000	4	140000
6255	1790337641	220000	2	224000
6256	1790640037	300000	2	300000
6257	1790251300	150	1	150
6266	1790251299	250	0	248
6267	1790251299	100	0	100
6268	1790251307	650	35	650
6269	1790640035	440	7	448
6270	1790251307	2500	58	2690
6272	1790596832	390	184	400
6273	1790251302	190	20	190
6274	1790208041	300	1	348
6275	1790510437	1100	43	1188
6276	1790510438	570	34	567
6277	1790251299	160	80	164
6278	1790251299	140	0	144
6279	1790424037	650	0	300
6280	1790510437	250	33	275
6281	1790596833	200	46	200
6282	1790510437	1500	490	1550
6283	1790553635	290	36	396
6284	1790251299	110	0	110
6285	1790510437	750	0	900
6286	1790294429	750	0	900
6287	1790294431	3500	0	3553
6288	1790640038	8400	0	7000
6289	1790640036	4200	3	4200
6291	1790640038	260	488	260
6292	1790510438	280	67	370
6293	1790640037	200	246	195
6294	1790251303	7400	0	7300
6296	1790251299	140000000	0	140000000
6297	1790251298	4000000	0	8000000
6300	1790640036	34000	3	30000
6301	1790251302	20000	1	20000
6302	1790251299	100	20	100
6303	1790251299	100	17	100
6304	1790251299	700000000	0	680420000
6305	1790640038	550000000	1	400000000
6307	1790640036	4500	4	5000
6308	1790251300	5500	4	5500
6309	1790251299	6500	7	6500
6310	1790294431	6500	13	6500
6311	1790380842	7500000	8	7598999
6316	1790251299	440	2	440
6317	1790251303	360	6	360
6318	1790294429	2200	1	2200
6319	1790553633	1900	36	1957
6320	1790640036	35000	0	37702
6321	1790251299	24000	19	24000
6322	1790251295	100	211	100
6323	1790467235	910	2	909
6324	1790380842	15000	2	20000
6325	1790510437	40000	3	35000
6326	1790251296	39000	1	38877
6327	1790380842	44000	2	43746
6328	1790337640	600	0	600
6329	1790553632	330000	1	332233
6330	1790251303	24000	0	24900
6331	1790251296	18000	0	18000
6339	1790337641	700	1	600
6340	1790640036	500	0	230
6341	1790596834	250	0	240
6342	1790510439	2000	1	1500
6343	1790251303	100	120	100
6344	1790380838	150	23	100
6345	1790467235	1200	26	1197
6346	1790467235	900	6	899
6347	1790251299	100	12	100
6348	1790251296	200	0	200
6349	1790251302	270	0	269
6350	1790251296	2200	1	2200
6351	1790251296	190	0	190
6352	1790251303	4000	0	4000
6354	1790380839	980	20	978
6355	1790251296	100	60	102
6356	1790510437	100	4	100
6359	1790251303	100	0	100
6360	1790596832	750000000	0	750000000
6361	1790596833	8700	511	8740
6362	1790596832	1500	554	1499
6363	1790380839	7000	20	6998
6364	1790596832	1600	249	1600
6365	1790251299	100	20	100
6366	1790251299	100	20	100
6367	1790294429	400	91	100
6368	1790251303	2800	19	2800
6369	1790251302	4300	0	4390
6370	1790251298	340	0	340
6371	1790251299	100	8	100
6372	1790251303	100	0	130
6373	1790596832	100	0	170
6374	1790251302	100	0	100
6375	1790251298	-1	0	999999999999
6376	1790251298	-1	0	999999999999
6378	1790251299	100	0	100
6379	1790251299	100	0	1000
6380	1790640037	3500	14	2990
6381	1790251299	100	0	100
6382	1790251300	100	0	100
6383	1790640036	4000	0	999
6384	1790510437	180	6	180
6385	1790251303	100	0	180
6386	1790596832	100	124	100
6387	1790251296	100	0	100
6389	1790467235	770	0	785
6390	1790251301	1000	1	1000
6391	1790251296	350	0	349
6392	1790251302	19000	4	18990
6393	1790251295	240	86	245
6394	1790251299	120	14	120
6395	1790251299	120	0	120
6396	1790251299	120	1	120
6397	1790251295	490	3	488
6399	1790294436	1400	0	112
6400	1790596832	100	65	103
6401	1790640036	250	3	291
6402	1790251299	100	0	100
6403	1790251299	100	0	100
6404	1790553637	2400	57	2497
6405	1790510438	2200	37	2200
6406	1790467236	2200	225	2299
6408	1790467236	180000	0	117770
6409	1790337640	7900	1	7900
6410	1790251302	720	0	720
6411	1790251296	480000000	0	575000000
6413	1790553634	890000000	0	888888888
6414	1790251299	100	0	100
6415	1790380839	130	1	146
6416	1790640041	130	267	200
6417	1790467239	1700	23	1750
6418	1790251299	120	0	120
6419	1790251299	100	28	100
6420	1790251299	100	0	100
6421	1790251296	320	19	319
6422	1790640036	130	58	135
6424	1790294429	50000	0	50000
6434	1790251298	250	0	250
6435	1790294431	370	2	666
6436	1790251299	100	1	100
6437	1790510437	120	3	119
6438	1790251296	200	1	200
6439	1790294431	250	2	100
6446	1790208040	33000	0	33699
6453	1790640036	250000	10	249000
6460	1790251302	65000	1	65000
6461	1790251299	150	0	150
6468	1790640035	21000	0	24000
6475	1790596833	610000	0	624995
6483	1790467239	450000	0	896942
6484	1790251296	160000	0	177177
6485	1790380842	700000	3	697410
6486	1790251296	27000	0	27500
6487	1790251302	65000	0	64899
6489	1790251302	1000000	1	999800
6490	1790467238	9900000	1	9000000
6491	1790251299	150	0	150
6492	1790251299	540000	1	540000
6493	1790251302	1700000	1	1690000
6494	1790510437	9300000	0	9898989
6496	1790337641	1200000	2	1250000
6497	1790208040	140000	0	150000
6499	1790251303	1000000	3	1100000
6500	1790640036	1500000	1	1499969
6507	1790208038	350000	2	350000
6513	1790640035	120000	0	125000
6514	1790640036	89000	4	85555
6515	1790251303	120000	0	100
6516	1790251296	100000	2	100000
6517	1790251303	92000	0	92895
6518	1790251303	160000	0	164690
6519	1790380839	85000	15	80000
6520	1790251303	88000	0	87497
6521	1790467235	96000	0	96000
6522	1790251303	90000	20	100
6523	1790553633	89000	2	88999
6524	1790251299	94000	0	94000
6525	1790251303	180000	10	186942
6526	1790467235	89000	1	80000
6527	1790640035	89000	0	89999
6528	1790251303	100000	0	133333
6529	1790251303	54000	0	60000
6530	1790208038	100000	0	100000
6531	1790337641	410000	0	410000
6532	1790380839	95000	0	100
6533	1790380838	160000	0	185000
6534	1790553635	89000	2	89000
6535	1790640035	90000	1	90000
6536	1790510437	95000	1	95000
6537	1790208040	40000	6	39999
6538	1790553633	170000	0	110000
6539	1790380842	160000	3	163000
6540	1790251303	290000	0	290000
6541	1790467235	99000	1	99000
6542	1790251303	50000	0	68999
6543	1790251303	1900000	0	1770770
6548	1790510437	1000000	1	1000000
6549	1790424036	1000000	0	1400000
6550	1790553637	1000000	1	777777
6551	1790424036	170000	2	169000
6552	1790380840	170000	3	173205
6553	1790640036	100000	219	102000
6554	1790640036	100000	71	99690
6555	1790208038	110000	0	109000
6556	1790640036	250000	2	254777
6557	1790640036	240000	3	243777
6558	1790640036	280000	0	419414
6559	1790640036	170000	3	175000
6560	1790640036	210000	1	208777
6561	1790251299	290000000	0	280000000
6562	1790337640	6400	0	6400
6564	1790337643	500000	0	400000
6565	1790337640	440000	0	456789
6566	1790424043	300000	34	291111
6567	1790251302	250000	0	300000
6568	1790596832	370000	0	369998
6569	1790251303	200000	8	200000
6570	1790640039	600000	101	99999
6571	1790424040	250000	84	248980
6572	1790640036	250000	0	246810
6573	1790467236	390000	0	100
6574	1790510437	610000	7	609420
6575	1790510438	600000	5	537770
6576	1790251303	970000	0	999777
6577	1790596832	620000	2	626262
6578	1790251301	550000	0	548976
6579	1790251299	100	0	100
6580	1790640036	75000	0	72727
6582	1790251296	520000000	0	649500000
6583	1790467235	390000	0	395000
6584	1790251303	69000	0	50000
6585	1790251303	390000	0	499999
6586	1790380839	1500	0	1525
6587	1790337641	4000000	1	3900000
6588	1790424037	34000	1	34000
6589	1790251303	970	0	420
6590	1790337640	9000	0	22000
6591	1790337649	40000	2	35500
6592	1790251302	170000000	0	100000000
6593	1790337644	9000000	4	7500000
6594	1790251303	1800	0	1000
6595	1790380843	410000	1	39393
6596	1790380841	160000	29	164000
6614	1790640036	3000000	1	2999975
6618	1790251302	9	0	100
6619	1790251302	9	0	100
6620	1790251302	9	0	100
6621	1790251296	13000	0	13000
6622	1790251302	2100	0	2112
6623	1790251299	8700	0	8672
6624	1790337641	2000	0	2000
6625	1790640036	1500	0	2166
6626	1790251303	200	0	200
6627	1790251298	1800	0	1800
6628	1790251296	80000	0	75000
6629	1790251299	300000	0	300000
6630	1790251296	50000	0	50000
6631	1790380842	210000	0	250000
6632	1790251303	770000	0	210000
6633	1790251302	290000	0	250000
6634	1790251299	38000	0	39000
6635	1790251299	800	0	800
6636	1790251299	81000	0	81642
6637	1790251300	180000	0	180000
6638	1790251299	900000	0	900000
6639	1790251296	94000	0	93994
6640	1790553632	4700	0	2475
6641	1790251303	220	0	240
6642	1790251304	150	0	150
6643	1790251299	5300	0	5332
6644	1790251296	6400	0	6444
6645	1790251296	750000	0	858888
6648	1790251296	100	0	100
6649	1790251296	100	0	100
6650	1790380838	870	0	870
6651	1790251302	1000	0	999
6652	1790251302	100	0	100
6653	1790251296	100	0	100
6654	1790251303	410	1	414
6655	1790251299	100	0	100
6656	1790510437	300	0	410
6657	1790251301	420	0	420
6658	1790251299	100	2	100
6659	1790251299	100	0	100
6660	1790251303	150	275	150
6679	1790337641	370	51	370
6680	1790467236	450	17	469
6681	1790510440	450	127	469
6682	1790640038	450	120	250
6683	1790251299	160	291	160
6684	1790337641	360	26	370
6685	1790510437	700	3	350
6686	1790467237	320	12	340
6687	1790337642	400	50	400
6688	1790510437	290	51	290
6696	1790208041	900	94	975
6702	1790251299	190	0	180
6703	1790251299	170	0	170
6704	1790640038	1000	7	1111
6705	1790251299	270	0	270
6706	1790510437	630	72	647
6707	1790640036	240	270	240
6708	1790251299	200	0	198
6709	1790640039	700	80	304
6710	1790380842	1400	78	1360
6711	1790251299	150	0	150
6712	1790553633	150	21	100
6713	1790251299	160	160	160
6714	1790251299	230	0	230
6715	1790424039	690	74	763
6716	1790251299	190	51	190
6717	1790251299	210	0	210
6718	1790294429	900	400	800
6719	1790424039	900	26	500
6720	1790251299	160	0	158
6721	1790640036	1200	191	1200
6722	1790251299	170	0	172
6723	1790467239	370	0	400
6724	1790251299	170	0	176
6726	1790251304	1400	0	1475
6727	1790294429	1400	0	1499
6728	1790208038	460	1	450
6730	1790380841	13000	8	13700
6736	1790251302	100	0	100
6737	1790251299	1000	0	1000
6738	1790251299	100	0	100
6739	1790251296	100	0	100
6740	1790251299	100	0	100
6742	1790596832	4400	0	4419
6743	1790251301	670	0	666
6744	1790467235	4000	0	4000
6745	1790251299	130	0	65
6746	1790251301	130	1	130
6747	1790337640	2300	0	1589
6748	1790251304	66000	0	66460
6749	1790251299	16000	0	16500
6750	1790251302	680000000	0	579949000
6752	1790640036	6400	2	6500
6753	1790251303	9000	21	9000
6754	1790510437	3500	3	3500
6755	1790208038	2100	0	3000
6757	1790424037	15000	0	15560
6758	1790208039	15000	0	15000
6759	1790596835	15000	59	15000
6760	1790640038	1900	41	1900
6761	1790553632	1100	29	5450
6762	1790380840	1400	11	1439
6763	1790596832	9000	19	8999
6764	1790251304	20000	8	20000
6765	1790251298	17000	3	16961
6766	1790380844	15000	15	15500
6768	1790380838	8000	6	8000
6769	1790467235	45000	0	49999
6770	1790251304	18000	0	15000
6771	1790467235	100000	0	85000
6772	1790251303	70000	0	63333
6773	1790596832	940000	3	938888
6774	1790251302	15000	0	17500
6776	1790251303	4400	0	5000
6777	1790251303	9800	0	11490
6778	1790424036	110000	4	110000
6779	1790251303	6300000	0	6666666
6780	1790424043	10000000	1	9999999
6781	1790380842	10000000	0	12000000
6784	1790251298	650000000	0	700000000
6785	1790380839	760	1	757
6788	1790251299	20000000	1	20000000
6789	1790251299	100	0	100
6790	1790640036	4500	0	40000
6791	1790251299	100	0	100
6792	1790553632	100	0	143
6793	1790337640	100	36	100
6795	1790251296	36000	0	36000
6796	1790251298	340000	0	344433
6797	1790251296	14000	1	14500
6798	1790251296	160000	0	165000
6799	1790251296	110000	0	109000
6800	1790251299	100000	0	100000
6801	1790251302	11000	0	11000
6802	1790251303	18000	0	17950
6803	1790251296	12000	0	12500
6804	1790251300	12000	1	12000
6805	1790251296	23000	0	23000
6806	1790251299	20000	0	20000
6808	1790251299	130	0	150
6809	1790337640	2200	20	2000
6810	1790251296	100	0	100
6811	1790208038	100	40	100
6812	1790251299	100	0	100
6813	1790251302	100	0	100
6814	1790596832	200	0	200
6815	1790640036	300	3	100
6816	1790251303	200	0	198
6817	1790251305	100	0	169
6818	1790553638	450	38	100
6819	1790208042	770	0	777
6820	1790337640	500	0	100
6821	1790640035	790	2	769
6822	1790208038	440	0	260
6823	1790251303	750	0	500
6824	1790510437	1200	0	1217
6825	1790251304	6000	3	5999
6828	1790640036	780	3	100
6831	1790467235	400	175	400
6832	1790251299	100	0	100
6833	1790251299	100	2309	100
6834	1790251296	100	29	100
6835	1790251309	100	6224	101
6836	1790640036	100	601	106
6837	1790467238	650	30	659
6838	1790251302	100	35	100
6839	1790337640	400	0	400
6840	1790251296	140	0	100
6841	1790640040	320	29	100
6842	1790510439	190	145	191
6843	1790640037	160	86	162
6844	1790251299	100	0	100
6845	1790251296	100	1	100
6847	1790251305	200	12	199
6848	1790251296	100	6	100
6849	1790251299	100	2	100
6850	1790251299	100	0	100
6851	1790640038	110000	174	105000
6852	1790337641	10000000	3	10690000
6853	1790251299	100	0	575
6856	1790510438	46000	0	44000
6857	1790251296	110000	0	123321
6858	1790251299	82000	0	81818
6860	1790467236	700000000	0	698999995
6861	1790251299	100	7	100
6862	1790251299	100	0	100
6863	1790251299	100	0	100
6864	1790251299	100	32	100
6865	1790251300	100	1	100
6866	1790640037	250	31	249
6867	1790467235	4200	30	4199
6868	1790251300	100	48	100
6869	1790251299	100	4	100
6870	1790251302	100	0	100
6871	1790251299	100	1	100
6872	1790251299	100	0	100
6873	1790640037	670	434	676
6874	1790251299	100	5	100
6875	1790640036	780	40	792
6876	1790251299	100	0	100
6877	1790424038	10000	0	7500
6878	1790510437	30000	1	30999
6879	1790251303	13000	0	12905
6880	1790596832	29000	2	29000
6882	1790251296	100	0	100
6883	1790640037	3000	0	3081
6884	1790251302	2100	0	2075
6885	1790251299	100	0	100
6886	1790251304	4500000	0	2000000
6887	1790251298	390000	0	395000
6888	1790251303	710000	0	715000
6889	1790251304	3800000	0	3795000
6890	1790251299	900000	0	899999
6892	1790380842	8000	1	7994
6893	1790510437	7400	0	7447
6894	1790251296	5400	0	5445
6895	1790251298	6800	0	3400
6896	1790251296	6900	0	6900
6897	1790251304	89000	1	89000
6902	1790251299	100	0	100
6903	1790510437	27000	0	27750
6904	1790251300	1200	0	1200
6905	1790510437	32000	0	30000
6906	1790251304	130000	0	128000
6907	1790596832	1000	3	997
6908	1790553632	90000	1	89999
6909	1790251296	130000	0	120000
6910	1790251299	90000	1	89750
6911	1790251303	69000	0	68000
6912	1790553633	450000	0	449999
6913	1790640036	1500	363	1000
6914	1790251296	68000	0	69420
6916	1790251299	8000	0	7999
6917	1790251299	130000	0	134000
6918	1790251296	4700	0	4700
6919	1790251302	22000	0	22500
6920	1790251299	9000	0	8990
6921	1790467236	20000	0	19900
6922	1790251302	56000	0	56006
6923	1790251299	18000	0	18000
6924	1790251303	45000	0	45000
6925	1790337640	60000	0	59967
6926	1790251296	58000	0	57967
6927	1790294429	200000	37	200000
6937	1790640036	140000	71	150000
6947	1790251298	90000	0	100000
6958	1790251299	860	0	866
6959	1790251299	6900	0	6870
6960	1790640035	5000	1	5000
6961	1790251299	1500	0	1480
6962	1790251299	3400	0	3467
6963	1790251299	1700	0	1704
6964	1790251299	120000	2	123500
6965	1790380842	98000	3	97777
6966	1790251299	68000	1	67890
6967	1790251301	89000	3	88888
6969	1790553636	840000	1	840000
6970	1790596832	1900000	0	2000000
6971	1790467239	480000	2	486006
6972	1790208038	33000	15	32000
6973	1790251298	2400	0	2200
6974	1790251300	9000	0	9000
6975	1790251298	4300	0	4199
6976	1790337640	1500	0	1496
6977	1790424036	4000	0	3700
6978	1790294429	2500	0	2399
6979	1790251303	2200	0	2173
6980	1790251302	2900	1	2878
6981	1790424036	4200	0	4200
6982	1790510437	1400	0	700
6983	1790380838	6700	0	6760
6984	1790251303	1900	0	1898
6985	1790294431	1400	1	1000
6986	1790294429	14000	0	11999
6987	1790251304	6000	0	5499
6988	1790380839	1000000	0	999999
6989	1790640035	38000	0	37999
6990	1790424036	35000	0	35000
6991	1790251300	220000	0	219298
6992	1790337640	65000	0	65666
6993	1790510437	76000	0	76538
6994	1790337640	44000	0	44444
6995	1790251303	80000	0	79995
6996	1790337640	32000	0	32000
6997	1790380838	75000	0	74995
6998	1790251301	43000	0	43000
6999	1790424036	15000	0	14700
7000	1790251303	30000	0	29998
7001	1790251296	74000	0	73998
7002	1790424036	57000	0	56999
7003	1790251302	1500000000	0	1500000000
7004	1790510437	4100	259	4100
7005	1790596835	7000	1090	6930
7006	1790640041	3600	2304	3614
7007	1790251303	900	2	900
7008	1790640036	500	14	500
7009	1790596834	2600	19	2468
7010	1790251303	3200	8	3266
7011	1790380840	680	23	685
7012	1790251303	4700	18	4749
7013	1790424037	6500	5	100
7014	1790640041	6900	175	6958
7015	1790251304	6900	2	6945
7016	1790251298	8900	2	8888
7017	1790294431	9700	0	7000
7018	1790596832	5800	2	5775
7019	1790467236	8000	2	7000
7020	1790640041	9200	1829	9199
7021	1790208038	4900	1	4875
7022	1790553633	4000	2	4000
7023	1790251307	4000	1	3000
7024	1790553633	3000	2	3000
7025	1790251303	8500	9	8500
7026	1790251303	4500	2	4494
7027	1790251303	4500	1	4485
7028	1790294429	5100	2	4606
7029	1790251301	6000	1	5000
7030	1790640036	90	0	100
7031	1790640036	90	0	100
7032	1790380843	36	0	100
7033	1790380843	36	0	100
7034	1790640035	950000	3	950000
7035	1790251301	-1	0	0
7036	1790251299	85000	2	85000
7037	1790251299	120000	1	120000
7038	1790251301	180000	2	185969
7039	1790208038	1400	0	1400
7040	1790467235	3200	1	3192
7041	1790251305	5100	0	100
7042	1790596832	39000	5	39000
7043	1790640036	1000	0	1086
7045	1790640041	15000	535	16000
7046	1790251304	1000	0	999
7047	1790467235	10000	81	10000
7048	1790337640	90000	0	90000
7049	1790251301	51000	0	50854
7050	1790640036	60000	245	60000
7051	1790467237	2600	58	2703
7054	1790553633	350	0	444
7055	1790251299	100	0	100
7057	1790640038	25000	2	20000
7058	1790640037	370	605	406
7061	1790251303	2000	336	2000
7062	1790251299	9100000000	0	999000000
7063	1790424039	900	0	500
7064	1790251296	7400000000	0	999889000
7065	1790596836	3800	154	3800
7066	1790251299	150	0	150
7067	1790251302	1800	0	1950
7068	1790251299	150	0	156
7069	1790251303	1500000000	0	1100000000
7071	1790640039	1400	1973	100
7072	1790596837	9200	452	9200
7073	1790467243	100000	35	103190
7074	1790251298	6400	0	7450
7075	1790424036	3400	1	3400
7077	1790510437	4800	28	100
7078	1790251296	2200	8	2199
7081	1790467236	67000	8	66985
7082	1790251304	150000	2	149000
7089	1790251303	19000	0	19875
7090	1790337640	27000000	1	27000000
7091	1790251299	8800000	0	8780000
7092	1790251299	1300000	0	1299999
7093	1790251303	400000	0	400000
7094	1790510438	500000	0	500000
7095	1790251302	29000	1	29292
7096	1790294431	240	1	100
7097	1790380839	1900	1	808
7098	1790251296	4000	1	3993
7100	1790251304	14000	100	13969
7101	1790294431	1400	0	1400
7102	1790251301	250000	0	125000
7103	1790251303	8900	0	8000
7104	1790251299	48000	0	47999
7105	1790251299	15000	0	15496
7106	1790251301	100	0	100
7107	1790251303	75000	0	74876
7108	1790251300	100	0	100
7109	1790380838	100	2	110
7110	1790380840	1200000	0	1245000
7111	1790510437	540	4	525
7112	1790380839	250	0	292
7113	1790380839	97000	0	99975
7114	1790337641	3500	0	3400
7115	1790380842	300	0	222
7116	1790380838	45000	0	87676
7117	1790380842	50000	0	98476
7118	1790380842	1400	0	1441
7119	1790337641	1400	20	1400
7120	1790251301	15000	0	14850
7124	1790251305	150000	0	151515
7125	1790424037	25000	0	46006
7126	1790640036	32000	0	49998
7127	1790251302	75000	0	74846
7128	1790294429	14000	0	13997
7129	1790251299	100	0	100
7130	1790640035	35000	50	34750
7132	1790294429	30000	15	29999
7133	1790640036	1100000	12	1169420
7135	1790640037	4100	22	338
7136	1790424043	140000	20	500
7138	1790251299	500	0	500
7139	1790251302	1600000	0	1599000
7141	1790251299	110000	0	108000
7142	1790467235	140000	1	140000
7145	1790467235	2500	0	3788
7146	1790251304	1700	0	1750
7147	1790294429	130000	0	130284
7157	1790640038	30000	0	49999
7158	1790251299	100	0	100
7159	1790251296	89000	0	88887
7160	1790251299	100	0	100
7161	1790596832	10000	0	12500
7162	1790251299	100	0	100
7163	1790251299	20000	0	24000
7164	1790251301	100	0	100
7165	1790251299	44000	0	49798
7166	1790251301	100	0	100
7167	1790467235	39000	1	38999
7168	1790251303	18000	0	18605
7169	1790251299	100	1	100
7170	1790251296	65000	0	64000
7171	1790640036	170000	0	19006
7172	1790251302	15000	0	14998
7173	1790251302	50000	0	50000
7174	1790510437	200	0	399
7177	1790640036	2200	1045	2199
7187	1790251299	100	0	100
7188	1790596832	320	15	322
7189	1790467238	490	1	489
7190	1790596832	600	75	600
7191	1790251299	100	0	100
7192	1790251299	100	0	100
7193	1790251299	100	0	100
7194	1790251299	100	7	100
7195	1790208040	540	0	544
7196	1790251299	100	0	100
7197	1790510437	2000	1	2210
7198	1790337641	290	16	290
7199	1790251299	100	0	100
7200	1790337640	1000000000	0	950000000
7201	1790251304	380000000	0	375000000
7202	1790640038	140	113	137
7203	1790596832	1600	428	1570
7204	1790467236	2800	90	2850
7205	1790467237	490	0	500
7206	1790380839	100	2	110
7207	1790467239	1900	4	2440
7208	1790251296	100	4	101
7209	1790640036	100	160	149
7210	1790380843	1400	439	1400
7211	1790251305	100	125	100
7212	1790337642	1500	30	800
7213	1790510439	700	189	475
7214	1790424040	2300	12	2313
7215	1790640037	3000	234	2995
7216	1790251299	100	3	100
7217	1790337640	3400	1	3400
7218	1790596832	3000	5	3000
7219	1790596832	1400	5	1400
7220	1790251303	100	19	100
7221	1790251303	1100	10	1111
7222	1790251299	100	27	100
7223	1790251299	100	23	100
7224	1790251304	1000	0	1200
7225	1790380842	560	0	140
7226	1790251299	100	0	100
7227	1790251299	150	0	150
7228	1790640038	330	531	252
7229	1790251299	100	0	100
7230	1790251299	100	0	100
7231	1790251302	140	4	134
7232	1790251299	100	0	100
7233	1790251299	100	1065	100
7234	1790553637	410	60	400
7235	1790380842	1300	25	1367
7236	1790467243	1000	22	750
7237	1790640038	1200	40	1000
7238	1790596832	400	45	200
7239	1790337643	400	142	400
7240	1790596835	800	28	750
7241	1790337646	600	1	100
7242	1790251304	1900	2	1900
7243	1790251299	100	0	100
7244	1790251299	100	13	50
7245	1790251299	100	12	100
7246	1790640036	2100	511	444
7247	1790337640	1400000	0	1068358
7248	1790251303	800	20	150
7250	1790553632	750000000	0	600000000
7251	1790251301	250000000	0	110000000
7252	1790251296	5000000	0	10000000
7254	1790424037	620	0	627
7255	1790251300	100	0	100
7259	1790467235	6000	1	6000
7260	1790251299	100	0	100
7266	1790208042	100	34	100
7271	1790337640	1900	0	1895
7272	1790251304	79000	1	78887
7273	1790337641	800	1	800
7274	1790337640	600	0	700
7275	1790337641	600	0	750
7276	1790380838	50000	1	49999
7277	1790251299	100	103	100
7278	1790640039	1700	80	4600
7279	1790337641	1000	90	1000
7280	1790596832	150	1	249
7281	1790251299	100	0	100
7282	1790337640	100	1	100
7283	1790251299	100	0	100
7289	1790251303	100	0	100
7290	1790640036	100	2	100
7291	1790596832	2000000	0	1900000
7292	1790251299	890	0	888
7293	1790337640	46000000	0	33333333
7294	1790251296	40000000	0	46000000
7295	1790251296	33000000	0	32740000
7296	1790251296	36000000	0	10000000
7297	1790251299	100	1	100
7308	1790251299	100	10	100
7309	1790251299	100	44	100
7310	1790251299	100	4	100
7311	1790251299	150	0	150
7312	1790251302	550000000	0	550000000
7313	1790251300	150	0	150
7320	1790251302	1300	2	1331
7322	1790640037	7100	86	7099
7323	1790251302	250	0	250
7324	1790251303	180	0	180
7325	1790251299	170	136	170
7326	1790640036	460	1	468
7327	1790251299	160	0	160
7328	1790251304	200	1	200
7329	1790251296	240	0	240
7330	1790251303	140	0	141
7331	1790251299	110	9	110
7332	1790467235	990	9	500
7333	1790251299	100	0	100
7334	1790251301	240	0	775
7335	1790251299	210	0	210
7336	1790251301	150	0	156
7337	1790251296	170	0	170
7338	1790553633	3500	105	3599
7339	1790251307	400	8	450
7340	1790251299	250	2	250
7341	1790251299	120	1	124
7342	1790510437	350	67	350
7343	1790251299	260	8	260
7347	1790380838	210	0	666
7348	1790380840	1100	20	1083
7349	1790596833	400	704	404
7352	1790380842	1900	42	1278
7353	1790596833	1000	1	1086
7354	1790510438	180	33	180
7355	1790596832	1000	0	1128
7356	1790208038	200	0	249
7357	1790251299	150	65	156
7358	1790294429	500	1	500
7359	1790640038	240	75	240
7360	1790467235	4900	5	4900
7361	1790251303	7500	2	7000
7362	1790294429	11000	0	4000
7363	1790251299	190	64	190
7364	1790251299	220	2	220
7365	1790251299	220	0	220
7366	1790251299	160	0	164
7367	1790251299	180	5	184
7368	1790251299	170	0	170
7369	1790251298	100	20	100
7370	1790640037	1900	1390	1900
7371	1790251299	360	1	360
7372	1790337641	2000	54	2000
7373	1790337641	300	13	300
7374	1790424036	300	13	405
7375	1790251302	130	44	136
7376	1790380838	6600	0	6665
7377	1790640035	12000	1	9999
7378	1790251303	15000	0	14940
7379	1790424036	12000	0	10000
7380	1790640035	4000	1	4500
7381	1790208042	2300	6	2305
7382	1790294429	260000000	0	258000000
7384	1790251303	20000	10	20499
7385	1790251303	8900	0	8900
7386	1790424039	22000	3	22399
7387	1790510437	49000	0	50000
7388	1790251303	21000	0	20999
7389	1790424037	15000	3	14000
7390	1790251304	26000	0	12500
7391	1790640036	24000	1	20000
7392	1790251303	32000	0	43434
7393	1790251296	40000	0	40000
7394	1790640036	8600	91	8630
7395	1790251303	19000	0	19699
7396	1790251304	20000	0	17500
7397	1790251302	23000	0	23500
7398	1790467235	24000	0	18999
7399	1790251303	11000	2	10999
7400	1790553636	42000	1	42000
7401	1790251302	38000	0	37990
7402	1790553637	10000	25	212
7403	1790251303	34000	1	34500
7404	1790596836	14000	325	13999
7405	1790251302	24000	0	24500
7406	1790251299	100	1	100
7407	1790510439	290	0	320
7408	1790251300	100	1	100
7409	1790337640	380	1	385
7410	1790251299	100	1	100
7411	1790251303	400	0	100
7412	1790251300	100	0	100
7413	1790467235	100	0	100
7414	1790251299	100	1	100
7415	1790208038	350	1	349
7416	1790251300	100	1	100
7417	1790251303	100	0	100
7418	1790380842	100	2	100
7419	1790251303	100	2	100
7420	1790251299	100	2	100
7430	1790424039	6300	0	6445
7431	1790337645	2000	21	1989
7432	1790510437	1500	11	1500
7433	1790424038	1200	48	1200
7434	1790596832	15000	3	15000
7435	1790208038	8500	1	8499
7436	1790467235	25000	1	24999
7437	1790337641	5000	0	5000
7438	1790510437	6500	2	6600
7439	1790251305	4400	0	4443
7440	1790380838	4200	0	4199
7441	1790596832	11000	13	10898
7442	1790510437	10000	4	9999
7443	1790251303	11000	1	10797
7444	1790510437	24000	0	24000
7445	1790596832	24000	0	24000
7446	1790294432	25000	0	20000
7447	1790337643	27000	56	27000
7448	1790208038	28000	5	27999
7449	1790294432	28000	5	27775
7450	1790251299	100	0	100
7451	1790510437	990	0	975
7452	1790251296	2700	0	2700
7453	1790251303	100	0	100
7454	1790251299	300	0	300
7455	1790294429	14000	33	14000
7456	1790294433	2100	20	2220
7457	1790596832	1800	6	1771
7458	1790251303	940000	2	900000
7459	1790251296	900000	1	750000
7460	1790294432	1400000	1	1000000
7461	1790510437	66000	0	67400
7465	1790337640	5400000	0	4000000
7466	1790251304	1700000000	0	1850000000
7467	1790467236	110000	1	114899
7468	1790510437	3300	2	999
7469	1790251303	2500	1	2539
7470	1790510437	4400	0	5069
7471	1790251299	300	1	300
7472	1790251299	300	0	300
7473	1790337640	2900	64	2960
7474	1790251303	1800	2	1799
7475	1790251304	100	0	100
7476	1790251305	49000	0	49000
7477	1790467241	5200	330	5249
7478	1790424037	5000	142	5064
7479	1790251301	11000	0	200
7480	1790251303	70000	0	200000
7481	1790640036	56000	233	55705
7482	1790251303	140	0	140
7483	1790510438	1300	0	1449
7484	1790380840	200	0	1074
7496	1790251298	48000000	0	50000000
7499	1790596832	150	0	100
7501	1790251303	600	0	600
7502	1790208038	990	20	989
7503	1790510437	1900	3	1800
7504	1790596834	1600	1	1600
7505	1790640037	40000	2	40000
7506	1790380838	680	25	684
7507	1790467235	290	2	290
7508	1790596833	490	0	500
7509	1790510438	180	0	200
7510	1790251301	110	2	110
7512	1790251302	100	0	100
7513	1790251305	420	24	420
7514	1790380839	3500	4	3500
7517	1790337640	130	0	136
7519	1790553633	3500	9	3480
7521	1790510437	1900	3	1900
7522	1790251299	100	0	100
7523	1790251303	27000	50	27487
7524	1790510439	4900	38	333
7525	1790640036	200	83	200
7527	1790251296	2200	0	2992
7528	1790510437	410	0	419
7529	1790337640	150	0	150
7530	1790251303	450	8	450
7531	1790251303	220000	1	225000
7532	1790596832	390	16	393
7533	1790251299	1000000	0	998000
7535	1790251299	200	56	198
7536	1790251301	100	0	100
7537	1790553632	17000000	0	15000000
7538	1790467235	460	0	150
7542	1790380838	25000	0	33333
7543	1790510437	95000	0	79999
7544	1790596832	90000	0	111111
7545	1790251300	150	0	150
7546	1790510438	67000	0	77500
7547	1790380839	130000	0	139998
7548	1790251303	190	0	195
7549	1790640036	860	34	866
7550	1790251303	8000	3	8000
7551	1790596832	1400	1	1400
7552	1790424037	7800	8	7800
7553	1790510437	7400	0	7494
7554	1790510437	3500	0	3499
7555	1790337640	590	0	800
7556	1790640036	50000	0	85000
7557	1790553633	1500	5	1500
7558	1790251300	100	0	100
7559	1790596834	490	58	489
7560	1790251300	100	432	100
7561	1790251303	100	10	100
7562	1790251303	100	20	100
7563	1790337640	230	20	230
7564	1790251303	100	33	100
7565	1790596833	160	3	166
7566	1790380838	69000000	0	59000000
7570	1790553638	3900	139	3900
7571	1790467235	220	0	225
7572	1790553636	100	12	108
7573	1790424038	820	1	475
7574	1790380842	100	13	100
7575	1790251303	820	0	823
7576	1790251304	1000	11	1000
7577	1790467237	1300	450	1337
7578	1790467240	100	1112	100
7579	1790424040	39000	209	39000
7580	1790251304	1500	0	1555
7581	1790596832	240000	13	244995
7582	1790251303	32000	0	32500
7583	1790251303	27000	1	26968
7584	1790424036	140000	2	145000
7585	1790251303	100000	0	97865
7586	1790467235	210000	6	210690
7587	1790251300	150	0	150
7588	1790251300	840000000	0	789879000
7589	1790251301	-1	0	0
7590	1790251301	-1	0	0
7591	1790251301	-1	0	0
7592	1790251301	-1	0	0
7593	1790251301	-1	0	0
7594	1790251301	-1	0	0
7595	1790251301	-1	0	0
7596	1790251301	-1	0	0
7597	1790251301	-1	0	0
7598	1790251301	-1	0	0
7599	1790251301	-1	0	0
7600	1790251300	100	0	100
7601	1790251303	500	0	502
7602	1790251300	100	0	100
7603	1790553636	210	0	235
7604	1790424037	100	99	102
7605	1790251300	100	0	100
7606	1790251300	100	16	100
7607	1790251300	100	0	100
7608	1790596832	400	0	439
7609	1790251300	100	0	100
7610	1790251300	100	0	100
7611	1790251300	100	0	100
7612	1790251303	1100	37	1100
7613	1790251300	100	0	100
7614	1790251300	100	0	100
7615	1790251300	100	0	100
7616	1790251300	100	0	100
7617	1790251300	100	0	100
7618	1790553633	100	0	100
7619	1790251300	100	0	100
7620	1790251300	100	0	100
7621	1790251300	100	0	100
7622	1790251303	100	0	100
7623	1790251300	100	0	100
7624	1790251300	100	0	100
7625	1790251300	100	0	100
7626	1790251300	100	0	100
7627	1790251296	100	0	100
7628	1790251300	100	0	100
7629	1790251300	100	0	100
7630	1790251300	100	0	100
7631	1790251300	100	0	100
7632	1790251304	1000	0	1099
7633	1790251302	100	2	100
7634	1790251300	100	22	100
7635	1790251296	100	11	100
7636	1790596832	420	0	700
7637	1790251300	100	0	100
7638	1790596832	2000	0	1633
7639	1790337641	600	0	500
7640	1790467235	230	0	242
7641	1790510437	1000	0	1000
7642	1790424037	5400	1	5445
7643	1790251300	270	0	6000
7645	1790251300	90	0	100
7649	1790251300	100	0	100
7650	1790251296	100	0	100
7651	1790337640	1000	0	1011
7652	1790510438	35000	0	44444
7653	1790337640	35000	0	49893
7654	1790337640	35000	0	91918
7655	1790467235	20000	0	24996
7656	1790553633	15000	0	16899
7657	1790251300	22000	0	26996
7658	1790251303	6000	0	3500
7659	1790251300	2000	0	2000
7660	1790596832	7000	28	6994
7661	1790510437	20000	1	19899
7662	1790251304	5500	2	5500
7663	1790251303	3400	0	3100
7664	1790553632	340	24	342
7665	1790251300	20000	0	20000
7666	1790294430	540	26	543
7667	1790251303	3900	1	3960
7672	1790596832	3500	0	1000
7673	1790424036	140	0	100
7674	1790553634	1000	0	2179
7675	1790251300	100	0	100
7676	1790251303	3800	0	3800
7677	1790553635	800	81	888
7678	1790251296	3000	0	2900
7679	1790251300	100	0	50
7680	1790251303	820	0	826
7681	1790251300	100	0	100
7682	1790424038	2100	0	2099
7683	1790424037	6000	304	6000
7684	1790251303	4300000	0	4000000
7685	1790337640	900000	0	1200000
7687	1790596834	6400	131	6400
7688	1790251303	250000	0	250000
7689	1790251303	510000	0	595000
7690	1790251303	580000	0	620000
7691	1790424043	14000	899	3970
7692	1790251300	100	0	100
7693	1790553633	100	819	100
7694	1790251300	100	1	100
7695	1790251300	100	1	100
7696	1790251300	100	0	100
7697	1790251303	100	15	100
7698	1790640036	11000	12	11111
7699	1790553633	100	3	688
7700	1790251304	100	18	100
7701	1790510437	750	9	752
7702	1790640036	130	6	135
7703	1790251300	100	0	100
7704	1790251300	100	0	100
7705	1790251300	100	0	100
7706	1790251303	490000000	0	400000000
7707	1790251300	20000	1	8484
7708	1790380842	55000	0	58825
7709	1790251303	490000000	0	400000000
7710	1790251303	290	0	289
7711	1790380838	45	7	2111
7712	1790251303	65000000	0	55000000
7713	1790251302	100	1	100
7714	1790467244	10000	0	2000
7715	1790640037	110	33	100
7716	1790596832	5000	0	4994
7717	1790294429	750	1	100
7718	1790380839	3500	0	3800
7719	1790596832	2800	0	3036
7720	1790208038	4000	0	3800
7721	1790510440	7600	150	7575
7722	1790251303	32000	0	37000
7723	1790251304	34000000	0	35000000
7724	1790251303	65000	0	71999
7725	1790380840	850	3	900
7726	1790640036	1400	13	1440
7727	1790380840	700	9	700
7728	1790251303	630	0	630
7729	1790251300	29000000	0	28000000
7730	1790251303	460000000	0	498000000
7731	1790596832	34000	13	34000
7733	1790640036	780	75	780
7734	1790380839	450	48	463
7735	1790640037	6000	67	5999
7736	1790208040	2800	3	1250
7737	1790251300	100	1	100
7738	1790251303	59000	0	58999
7739	1790251304	2500	0	2300
7740	1790510437	22000	1	17500
7741	1790251303	17000	5	17500
7742	1790510439	42000	0	47606
7743	1790467235	420000	1	422991
7744	1790467236	310000	0	309987
7745	1790640038	120000	0	123456
7746	1790251302	320000	0	123456
7747	1790467235	9000	0	8993
7748	1790640036	300000	3	123456
7749	1790467235	28000	0	28493
7751	1790251300	140	0	140
7759	1790640036	16000	9	15740
7760	1790251296	4000	0	8273
7761	1790640036	5800	1	5000
7762	1790640036	5800	4	5800
7763	1790640036	66000	0	4583
7764	1790380839	94000	11	100
7767	1790251296	900000000000	0	0
7768	1790467239	240000	30	243333
7771	1790553637	290	331	295
7772	1790251301	110	124	110
7773	1790640041	2800	27925	2844
7774	1790640039	700	1428	400
7775	1790467238	1200000	2	1190000
7776	1790553636	1400000	2	1435000
7777	1790596833	3000	3	2999
7778	1790208047	330000	1	150000
7779	1790640036	9200	38	9879
7780	1790510437	790	0	796
7781	1790640036	3200	0	3272
7782	1790251301	140	0	144
7783	1790251304	800	1	890
7784	1790640036	14000	0	14354
7785	1790640035	1400	4	1445
7786	1790640036	840	0	1389
7787	1790251305	14000	1	14414
7788	1790251296	3400	16	3443
7789	1790640036	790	1	750
7790	1790510438	20000	278	20000
7791	1790208038	10000	73	10000
7795	1790294432	190	0	190
7796	1790510437	3200	2	3200
7797	1790553637	64000	123	64000
7798	1790596835	4500	36	4550
7799	1790251303	2700	2	2745
7800	1790510437	480	0	2600
7801	1790640036	500000	1	500000
7802	1790510437	460000	0	464558
7803	1790380840	2800000	2	2775000
7804	1790380839	2600000	1	2600000
7805	1790251303	6600000	0	6774508
7807	1790424043	1300	136	500
7808	1790510437	3500	0	3000
7809	1790337640	120	1	121
7810	1790380838	3000	0	3000
7811	1790380843	450	114	300
7812	1790510437	2000	2	2199
7813	1790251300	100	4	100
7814	1790251300	100	3	100
7815	1790251296	100	0	100
7816	1790380839	50000	0	31337
7817	1790251303	40000	0	37000
7818	1790294429	15000	0	15000
7819	1790424037	32000	0	50000
7820	1790596832	68000	0	77777
7821	1790251301	140000	0	146000
7822	1790424036	75000	4	75000
7823	1790251303	260	0	261
7824	1790640036	170000	0	230000
7825	1790208042	550000	13	567890
7826	1790424042	700000	1	444000
7827	1790337640	1500	20	1500
7828	1790337649	29000	3	28888
7829	1790596833	8000000	0	4900000
7830	1790380839	1100	255	1149
7839	1790380838	200	0	204
7840	1790380840	100	0	100
7841	1790251302	100	0	100
7842	1790380839	2100	10	2138
7843	1790380840	2100	10	2171
7844	1790424040	730	44	736
7845	1790251300	14000	0	14299
7846	1790251299	170000	0	175000
7847	1790640035	45000	2	45000
7848	1790596832	900	0	200
7849	1790640036	320	11	100
7850	1790510437	2000	0	1998
7851	1790553633	440000	1	445000
7852	1790553633	520000	1	500000
7853	1790553632	69000	1	68000
7854	1790596832	150000	1	120000
7855	1790553632	400000	1	400000
7856	1790251296	100	0	100
7857	1790251303	6000	0	6000
7858	1790251300	2600	0	1500
7859	1790251303	1200	0	1221
7860	1790251303	700	0	700
7861	1790337641	8900	1	9299
7862	1790640036	100	1	100
7863	1790251300	2500	0	3000
7865	1790251298	470000	0	475000
7866	1790251303	4900	0	4899
7867	1790596832	920	1	925
7868	1790251300	3500	0	3531
7869	1790251303	25000	0	15000
7870	1790251301	19000	0	19999
7871	1790251298	70000	0	69996
7872	1790251300	8500	0	8500
7873	1790251296	19000	0	19666
7874	1790640036	12000000	0	14000000
7875	1790251300	1300000	0	1000000
7876	1790251299	7800	0	7700
7877	1790251300	5000	0	5350
7878	1790596832	7600	0	7777
7879	1790251300	140000	0	144999
7880	1790424038	4500000	0	55555600
7882	1790251300	7000	0	7000
7883	1790251300	4500	0	4500
7884	1790251298	82000000	0	10000000
7885	1790251303	440	1	439
7886	1790251300	140000000	0	0
7888	1790251303	15000	0	15500
7889	1790596832	78000	0	79499
7890	1790251304	85000	0	84899
7891	1790337640	19000000	0	0
7892	1790251301	8000	0	7000
7893	1790251300	22000	0	25000
7894	1790251303	45000000	0	51069100
7895	1790596832	8000	0	11899
7896	1790251300	870000	0	840000
7897	1790251301	3900	0	3900
7898	1790251300	2500	0	2499
7899	1790251300	18000	0	19000
7900	1790251298	100000	0	50000
7901	1790251300	1400000	0	1300000
7902	1790251298	200000	0	190000
7903	1790251300	59000	0	55555
7904	1790251300	99000000	0	140000000
7914	1790596832	100	70	100
7915	1790251300	100	22	100
7916	1790251300	64000	0	64300
7917	1790640037	390	3	399
7918	1790251300	100	53	100
7919	1790596832	100	24	100
7920	1790380839	350000000	1	330000000
7921	1790251300	150	0	150
7922	1790467235	6800	5	6799
7923	1790251304	4500	5	8000
7924	1790640035	3400	373	3497
7925	1790337644	550	0	555
7926	1790640036	120	338	200
7936	1790251305	30000000	1	30000000
7939	1790251304	29000000	0	22500000
7940	1790510437	69000000	0	5999997
7941	1790251303	100	0	100
7942	1790251304	8500	0	8697
7943	1790251300	100	0	100
7944	1790251300	1000	0	1000
7945	1790251304	220	0	222
7946	1790251303	400	0	398
7947	1790251303	180	0	200
7948	1790251305	170	0	1331
7949	1790640039	600	474	199
7950	1790294429	5500	1	5400
7951	1790380840	5000	0	7200
7952	1790251301	150	0	154
7953	1790251303	6100	0	6100
7954	1790553632	2000	2	2000
7956	1790251303	2400000000	0	1140000000
7957	1790467235	320	0	323
7968	1790251302	100	25	100
7971	1790251296	100	95	100
7983	1790424037	36000000	0	34000000
7984	1790251296	7100000	1	5000000
7999	1790251302	140000	0	140000
8000	1790208038	4400000	0	8000000
8001	1790294429	900000	0	800000
8002	1790251303	34000000	0	40000000
8003	1790337641	9900000	0	10000000
8004	1790337641	25000000	0	10000000
8005	1790251296	13000000	0	12000000
8006	1790424036	5000	0	5750
8007	1790640035	20000000	0	20000000
8008	1790424038	13000000	1	13000000
8009	1790640036	15000000	3	11000000
8010	1790294429	20000000	0	19420420
8011	1790251301	160	0	161
8012	1790337640	3000000	0	2054454
8016	1790510437	400000	0	6220000
8017	1790208038	2000	0	2299
8019	1790251303	2400000000	0	1424999995
8020	1790251302	100	0	101
8021	1790596832	100	227	102
8022	1790251303	2000	0	2000
8032	1790424036	400	0	489
8063	1790596832	3500	52	3800
8064	1790251302	13000000000	0	4294967295
8065	1790251303	900	48	950
8066	1790596834	3800	479	3800
8067	1790251300	200	100	200
8068	1790251303	20000000000	0	999000000
8069	1790294429	4400	1	5500
8072	1790424038	490	1	100
8073	1790640039	63000	27	42069
8077	1790380842	240000	0	250000
8084	1790251301	1200000	0	100
8086	1790424036	9500000	1	9499995
8088	1790380840	100000	32	101400
8089	1790251298	100	0	100
8090	1790251300	100	0	30000
8091	1790251300	110	0	108
8134	1790251300	3800000000	0	3300000000
8138	1790380843	130	0	142
8139	1790380843	270	0	285
8140	1790251305	470	0	169
8141	1790251296	670	0	250
8142	1790208038	810	3	250
8143	1790251301	1000	0	300
8144	1790251300	350000000	0	0
8146	1790208038	550	0	555
8147	1790208040	85000	1	85000
8148	1790380838	840000	6	840669
8149	1790294431	100	12	101
8150	1790596832	290	5	288
8151	1790251303	100	0	101
8152	1790467240	1400	0	800
8153	1790337646	5500	2222	6499
8154	1790251303	590	20	595
8159	1790251300	300	0	300
8160	1790251300	100	20	100
8161	1790251300	100	2	100
8162	1790251300	100	0	100
8163	1790251300	100	0	100
8164	1790251300	100	0	100
8165	1790251300	100	0	100
8166	1790251300	100	0	100
8167	1790640036	100	85	333
8168	1790510439	280	2	289
8169	1790251300	100	23	100
8170	1790467235	300	72	300
8171	1790251300	100	4	100
8172	1790380839	100	0	101
8173	1790251301	100	0	1234
8174	1790251300	100	1	50
8175	1790251300	100	0	50
8176	1790251300	100	14	100
8177	1790251300	100	0	1234
8178	1790251301	100	0	100
8179	1790251304	2000	0	3500
8180	1790251302	100	0	100
8181	1790467235	100	1	100
8183	1790294430	100	4	115
8184	1790251304	3000000000	0	1100000000
8186	1790510437	81	9	100
8188	1790251300	100	0	100
8189	1790251300	100	0	100
8190	1790251300	100	0	100
8191	1790251300	100	0	100
8192	1790251300	100	0	100
8193	1790251300	100	0	100
8194	1790251300	100	0	100
8195	1790640036	110	2	119
8196	1790596832	200	30	100
8197	1790251300	100	0	100
8198	1790251300	100	1	100
8200	1790640036	2600	64	2700
8202	1790640037	54	960	100
8203	1790251302	3400000000	0	2800000000
8204	1790640039	160000	1284	160666
8206	1790251300	300	0	300
8207	1790251300	300	2	300
8208	1790251300	100	188	100
8209	1790251300	150	1	150
8210	1790251300	100	0	100
8211	1790596834	200	865	180
8212	1790380840	150	8307	100
8213	1790640036	240	115	244
8214	1790251303	890	78	888
8215	1790337641	150	9	154
8216	1790251296	100	1	100
8217	1790251303	100	3	100
8218	1790596832	1400	1676	1389
8225	1790251300	150	0	150
8226	1790467236	3300	23	3548
8227	1790640036	620000	1	620000
8228	1790251303	100	2	100
8229	1790251303	5200000	1	5250000
8230	1790251300	100	0	100
8231	1790467236	7300000	0	2000000
8238	1790467241	470000	15	460000
8253	1790251303	130000	0	135000
8254	1790251296	100000	0	99998
8255	1790640036	120000	4	117616
8256	1790251305	220000	0	100
8257	1790251304	120	0	120
8258	1790251296	1000000	0	1000000
8259	1790337640	210	0	219
8260	1790251303	970000000	0	905000000
8270	1790251300	100	0	100
8271	1790251300	100	0	100
8272	1790510437	110	1	100
8273	1790467235	1900	0	100
8274	1790510437	3800	0	13600
8276	1790251300	550	0	830
8278	1790251296	200	85	200
8279	1790596832	810	90	1500
8280	1790251300	150000	0	150000
8281	1790251296	7200	0	7240
8282	1790251300	200	0	200
8284	1790251300	200	350	200
8286	1790337644	1900000	2	1000000
8287	1790251296	20000000000	0	1000000000
8289	1790251300	500	0	500
8297	1790251300	2200000	0	1999999
8298	1790640036	600	16043	500
8299	1790251296	2000	0	1700
8300	1790467237	6400	14	6440
8301	1790251303	14000	0	14000
8302	1790596832	5300	0	5299
8303	1790251300	300	5	300
8304	1790251296	500000000000	0	4294967295
8305	1790251303	720	0	717
8306	1790251300	100	0	100
8307	1790380838	170	12	170
8308	1790467235	900	0	914
8309	1790251296	100	0	100
8310	1790251300	100	18	100
8311	1790251300	100	1	100
8312	1790251296	100	0	100
8313	1790251303	500	0	500
8314	1790251300	100	0	100
8315	1790596832	1000	2	1000
8316	1790251300	100	0	100
8317	1790251300	100	0	100
8318	1790553638	500	315	900
8319	1790251300	100	0	100
8320	1790251300	100	0	100
8321	1790251300	100	0	100
8322	1790467235	2900	3	2900
8323	1790251300	100	0	100
8324	1790251300	100	0	100
8325	1790251300	100	0	100
8326	1790251296	100	0	100
8327	1790380838	900	86	900
8328	1790553633	500	37	500
8329	1790251300	100	0	100
8330	1790251305	2000	37	2100
8331	1790251300	100	0	100
8332	1790424036	870	0	892
8333	1790640037	1100	155	1200
8334	1790251300	100	0	100
8335	1790553634	100	75	120
8336	1790251301	100	0	100
8337	1790251303	100	0	100
8338	1790251300	100	0	100
8339	1790251300	100	1	100
8340	1790251300	100	0	100
8341	1790251303	100	0	150
8342	1790251300	100	0	100
8343	1790208038	500	108	501
8344	1790251300	100	0	100
8345	1790251300	100	0	100
8346	1790251300	100	37	100
8347	1790251300	100	0	100
8348	1790251300	100	64	100
8349	1790251300	100	0	100
8350	1790251300	100	0	100
8351	1790510437	510	19	514
8352	1790251303	500	0	500
8353	1790251300	100	0	100
8354	1790251300	100	0	100
8355	1790251300	100	0	100
8356	1790251300	100	20	100
8357	1790251300	100	0	100
8358	1790251300	100	0	100
8359	1790640038	500	4	598
8360	1790251296	100	0	100
8361	1790251301	100	0	100
8362	1790251300	100	1	100
8363	1790251300	100	0	100
8364	1790424036	220	161	220
8365	1790251303	100	23	100
8366	1790251300	100	0	100
8367	1790251301	100	0	100
8368	1790251300	100	0	100
8369	1790251300	100	0	100
8370	1790251300	100	2	100
8371	1790251303	500	2	500
8372	1790251300	100	0	100
8373	1790251296	500	0	100
8374	1790251300	100	0	100
8375	1790251300	100	43	100
8377	1790251303	240	0	1109
8378	1790251300	240	0	240
8379	1790251303	13000	0	13345
8380	1790251296	45000	0	41999
8381	1790251303	2000000000	0	1850000000
8384	1790640036	17000	119	100
8385	1790596832	300000	113	200
8386	1790640038	370000	16	100000
8387	1790640038	5000	0	2838
8388	1790640038	1800	110	1500
8389	1790467243	1200	255	999
8390	1790380841	1000	332	1100
8391	1790596834	27000	591	27000
8392	1790596837	10000	359	7500
8393	1790424036	1100	0	4000
8394	1790251303	200	0	200
8404	1790251300	20000	7	20000
8406	1790553636	2200	43	1600
8407	1790251300	100	12	100
8408	1790251300	100	3	100
8409	1790424039	400	82	400
8410	1790380838	500	6	500
8411	1790251304	300	3	383
8412	1790251300	100	0	100
8413	1790251300	100	1	50
8414	1790640036	280	21	280
8415	1790380839	250	4	250
8416	1790251304	1000	0	1000
8417	1790251300	100	176	150
8418	1790251301	600	0	605
8419	1790380841	290	5	292
8420	1790467235	500	3	500
8421	1790251301	-1	0	0
8423	1790640041	5100	1769	5108
8424	1790251300	39000	7	39400
8425	1790251300	140	190	138
8427	1790553635	750	121	750
8428	1790251300	100	50	100
8429	1790251300	100	0	100
8430	1790251300	100	0	100
8431	1790553633	1900	0	1898
8432	1790251300	100	0	50
8433	1790251300	100	0	100
8434	1790251300	100	2	80
8438	1790467236	50000	0	54945
8439	1790251303	96000	0	97000
8440	1790640036	11000	0	11596
8441	1790251303	44000	0	45000
8442	1790251300	150	0	150
8443	1790251296	61000	0	64000
8444	1790380842	30000	1	30000
8445	1790251303	30000	0	29999
8446	1790596832	8400	174	8448
8447	1790251296	180000	0	181817
8448	1790251304	330000	0	204060
8449	1790596832	190000	0	190000
8450	1790251303	250000	0	262626
8451	1790424038	160000	2	166661
8452	1790380838	240000	0	271000
8453	1790294429	1700	39	1688
8454	1790208040	220000	1	220000
8455	1790208038	1900	0	1900
8456	1790640035	41000	0	41800
8457	1790251300	100	12	100
8458	1790251296	400	1	400
8459	1790251296	110	0	110
8460	1790251300	100	0	100
8461	1790251303	100	1	100
8462	1790424036	440	6	443
8463	1790251300	100	0	100
8464	1790251300	100	0	100
8465	1790251300	150	1761	156
8466	1790251298	7000000	0	5899999
8467	1790380840	7600000	0	7800000
8468	1790251303	8400000	1	7777777
8469	1790251303	120	5	124
8470	1790294430	2800	243	2770
8471	1790251300	260	5	264
8472	1790294431	890	4	892
8473	1790208038	300	3	299
8474	1790640036	250	121	200
8475	1790251303	230	98	229
8476	1790640036	33000	1	33887
8477	1790251303	8900	3	8910
8478	1790640035	14000	0	15900
8482	1790251296	410000	1	415000
8483	1790510437	350000	0	333333
8484	1790294429	400000	1	405236
8485	1790640036	1000000	0	1250000
8486	1790640039	170000	2740	160000
8487	1790251303	3700000000	0	4294967295
8488	1790251304	140000000	0	138999999
8489	1790510437	190	89	192
8516	1790640038	19000	57	19500
8522	1790596832	59000	29	59666
8524	1790424038	2500	569	2555
8525	1790380838	220	6	222
8526	1790251300	100	1	100
8527	1790640036	3600	3	3000
8528	1790251296	550	0	555
8529	1790337641	7800	176	7776
8530	1790553636	290	6	289
8531	1790424037	4900	0	5000
8532	1790640036	4600	0	3900
8533	1790251303	3100	0	3143
8534	1790467235	990	11	987
8535	1790251303	590	1	555
8536	1790251303	700	0	700
8537	1790467235	1000	20	998
8539	1790510437	2600	5	2600
8540	1790640036	6500	1	6000
8541	1790640038	45000	0	76566
8542	1790251304	2000	8	2000
8543	1790251296	2000	5	2000
8544	1790380838	2000	7	1999
8545	1790640038	110000	389	114319
8546	1790553640	84000	0	84639
8547	1790553640	1900	0	2002
8548	1790467239	5400	6	5445
8549	1790640037	1400	1	1498
8550	1790640037	390	46	391
8551	1790640038	130	322	120
8552	1790424036	9600	504	9600
8553	1790510439	140000	45	138000
8554	1790553636	140000	207	138000
8557	1790596832	1200	0	888
8558	1790251300	500	0	500
8559	1790424037	450	0	450
8560	1790251303	2500	0	2499
8561	1790251304	3000	0	3800
8562	1790251303	1700	0	1710
8563	1790251296	4000	0	4004
8564	1790251303	1400000000	0	1452745000
8578	1790251304	170	105	175
8579	1790251300	100	238	100
8580	1790251300	100	299	100
8581	1790251300	100	254	100
8582	1790510437	2100	30	2100
8583	1790596832	7200	3	7400
8586	1790251300	200	2854	200
8587	1790251300	400	20	400
8588	1790640036	1200	10	1200
8589	1790208038	40000	8	39979
8590	1790251303	75000	1	75000
8591	1790251303	75000	1	75000
8592	1790337640	75000	1	75000
8593	1790510437	550	9	591
8594	1790467235	6500	0	7500
8595	1790424036	47000	0	9940
8596	1790251296	12000	1	12500
8597	1790251303	15000	1	15000
8598	1790294431	15000	1	15000
8600	1790251298	460000000	0	455000000
8601	1790596832	1200	3	1000
8602	1790640036	500	0	14990
8603	1790553632	560	0	100
8604	1790640036	300	0	1661
8605	1790251303	300	2	299
8606	1790380840	750	0	100
8607	1790424036	3500	1	3498
8608	1790510441	1000	28	500
8609	1790251303	420	1	420
8610	1790553638	900	82	900
8611	1790596832	14000	0	15500
8612	1790251304	22000	2	22500
8613	1790424036	15000	4	15245
8614	1790251296	1700	0	1740
8615	1790640036	2500	5	3500
8616	1790510439	250	0	100
8617	1790424037	1200	0	1000
8618	1790380841	300	0	100
8619	1790251303	750	0	750
8620	1790424036	10000	3	10100
8621	1790251303	1200	2	1250
8622	1790553634	4200	51	4000
8623	1790380838	12000	1	15000
8624	1790424036	4000	0	4350
8625	1790467235	58000	11	58000
8626	1790424036	12000	5	12200
8627	1790553634	7000	4	6999
8628	1790251303	500	0	1000
8629	1790424036	17000	0	17700
8630	1790251303	5000	2	5000
8631	1790553634	41000	23	41499
8632	1790380838	600	0	100
8633	1790640036	70000	342	70490
8634	1790640039	65000	255	65000
8635	1790640040	75000	261	69000
8636	1790424036	3200	0	2750
8637	1790424036	4400	0	5200
8639	1790251300	4400000000	0	2100000000
8640	1790596832	2500	5374	2500
8641	1790640036	290	29	295
8642	1790510437	150	47	149
8643	1790510437	2200	85	2200
8644	1790467235	150	17	155
8645	1790251303	150	0	150
8646	1790251303	1000	31	1001
8647	1790380838	100	0	100
8648	1790553633	190	65	190
8649	1790251303	100	5	100
8650	1790467236	8900	43	8888
8651	1790251303	360	0	360
8652	1790251300	100	0	100
8653	1790251300	100	0	100
8654	1790251300	280	0	280
8655	1790337647	500	376	100
8656	1790337640	1400	0	1399
8657	1790251303	600	0	604
8658	1790251303	600	0	600
8659	1790251300	100	0	100
8660	1790467236	3500	79	4500
8661	1790596832	620	0	500
8662	1790596832	2500	0	2000
8663	1790337641	1700	2	1700
8664	1790640036	100000	0	55000
8665	1790251296	18000	19	17999
8666	1790380840	140000	30	140000
8667	1790380838	770000	0	765000
8668	1790251303	920	500	900
8669	1790251296	20000	4	20000
8670	1790640036	20000	33	19999
8671	1790251296	20000	4	20000
8674	1790251298	3400000000	0	1700000000
8675	1790467239	100000	13	99897
8676	1790510438	18000	27	17880
8677	1790467235	7500	0	7599
8678	1790553637	7400	4	7400
8682	1790640036	520000	1	525000
8683	1790251303	590000	1	594900
8684	1790251302	590000	1	592000
8685	1790251303	1000000	0	1030262
8686	1790640041	2600	3572	2200
8687	1790510438	110000	4	116000
8688	1790251300	360	0	360
8689	1790251300	100	0	100
8690	1790640036	1200	26	1000
8691	1790467236	25000	91	24500
8692	1790251300	120	0	118
8693	1790640036	1100	111	198
8694	1790596832	490	0	490
8696	1790251296	100	8	100
8697	1790640036	7800	1190	7820
8698	1790596832	2900	129	2895
8702	1790251303	140000	0	138000
8703	1790251303	73000	2	73000
8704	1790251304	30000	2	29895
8705	1790251301	5000000000	0	2500000000
8706	1790294429	2200000000	0	1999999999
8707	1790251296	7400	20	7440
8708	1790510439	200	60	200
8709	1790640036	950	193	900
8710	1790251301	100	44	100
8711	1790510438	100	116	100
8712	1790467236	250	41	260
8713	1790251303	100	112	100
8714	1790251302	100	30	100
8715	1790251303	300	75	300
8716	1790208038	1000	436	1049
8717	1790251303	50000	1	49000
8718	1790337640	49000	0	50000
8719	1790251305	500	0	540
8720	1790467236	700	0	800
8721	1790640036	700	117	100
8722	1790251303	1400	0	1250
8723	1790251303	1200	0	1299
8724	1790251304	3000	0	2994
8725	1790467240	780	60	787
8726	1790640041	33000	51	16420
8727	1790251300	100	0	100
8728	1790380839	250	319	250
8729	1790251300	130	0	132
8730	1790510439	2300	15	2292
8731	1790251300	100	0	100
8732	1790251301	100	24	100
8733	1790640036	1900	146	1990
8734	1790380839	15000000	0	10000000
8735	1790251296	11000000	0	10980000
8736	1790251304	7200000	0	7249000
8737	1790553633	3100	60	120
8738	1790640038	3000	2548	120
8739	1790640038	3000	2351	120
8740	1790553638	3000	60	120
8741	1790337641	3000	60	120
8742	1790553633	3000	60	120
8749	1790640036	540	130	537
8750	1790251303	29000	0	30000
8751	1790337640	350000	0	384997
8752	1790640036	75000	3	89995
8753	1790251304	2300	0	2299
8754	1790553637	15000	5	15000
8755	1790510437	17000	0	16000
8756	1790251303	97000	1	97000
8757	1790251300	89000	1	88000
8758	1790553632	350000	1	340000
8759	1790251303	100000	1	99986
8760	1790640036	170000	0	170000
8763	1790640038	180	68505	111
8765	1790337640	4000000	0	4249999
8766	1790553632	2000000	0	3750000
8767	1790596832	1300000	0	1700000
8768	1790208038	190000000	0	190000000
8769	1790251300	150	1	150
8770	1790251296	850	0	850
8771	1790251302	700	0	699
8772	1790251303	550	0	687
8773	1790251300	320000	0	320000
8775	1790251303	2000000	0	10000000
8776	1790251303	80000	0	80495
8777	1790251300	250000	0	249500
8778	1790251303	2000000	0	1000000
8779	1790294430	1900000	1	1949969
8780	1790294431	2400000	1	2450000
8781	1790208038	5400000	0	5400000
8782	1790467235	1000000	0	455555
8783	1790640036	2400000	0	800000
8784	1790251301	9000000	0	8888888
8785	1790596832	11000000	1	11000000
8786	1790294429	2700000	0	2500000
8787	1790251303	20000000	0	20000000
8788	1790251298	19000000	0	19000000
8789	1790251296	17000000	2	12345000
8790	1790467235	3000000	0	2000000
8791	1790251303	5000000	0	7000000
8795	1790208040	470000000	0	400000000
8796	1790251300	999999999999	0	0
8816	1790251303	1200000	0	1100000
8817	1790251302	550000	0	549998
8818	1790251300	960000	1	960000
8819	1790640041	6500000	18	1049665
8820	1790251296	890000	0	896942
8821	1790251308	200000	15	200000
8822	1790510440	230000	36	228000
8823	1790553635	190000	161	190000
8824	1790510437	790000	0	799000
8825	1790251303	59000	5	59000
8826	1790380838	60000	1	59999
8827	1790251303	75000	1	74999
8828	1790424037	12000	3	11999
8831	1790251303	480000000000	0	4294967295
8832	1790640035	150	0	150
8833	1790380840	6100	34	6098
8834	1790251305	900	17	100
8835	1790251304	500	1	500
8836	1790251304	1700000000	0	1150000000
8838	1790251303	100	0	100
8839	1790510437	100	0	100
8840	1790640036	2800	0	2890
8841	1790251300	100	0	100
8842	1790251300	100	0	100
8843	1790251300	100	200	100
8844	1790251303	500	1	500
8845	1790251296	100	0	100
8846	1790251300	100	0	100
8847	1790251300	100	0	100
8848	1790251303	500	1	500
8849	1790251300	100	85	100
8851	1790553637	470000	21	478000
8852	1790380840	870	20	900
8853	1790251300	300	16	300
8854	1790380840	2600	5	2700
8855	1790380840	870	11	900
8856	1790380840	8100	3	8220
8857	1790251296	1300	10	1300
8858	1790380840	80000	5	80000
8866	1790337641	4500	0	4500
8867	1790251296	1400	0	1441
8868	1790251300	10000	0	9999
8869	1790380838	17000	0	17450
8870	1790424038	100	0	100
8871	1790251300	100	0	100
8872	1790251303	140	0	145
8873	1790640036	330	0	250
8874	1790251301	-1	0	0
8876	1790251300	100	0	100
8877	1790251300	100	0	120
8878	1790251300	100	0	100
8879	1790510437	38000	0	20000
8880	1790251298	100	0	100
8881	1790251300	100	0	100
8882	1790251296	100	0	175
8883	1790251303	100	0	100
8884	1790251303	120	0	104
8885	1790251301	100	0	100
8896	1790251300	100	0	100
8897	1790251303	900	0	898
8898	1790337640	130	0	100
8899	1790596832	100	0	100
8900	1790251304	1000	0	1001
8901	1790251304	160	2	100
8902	1790640035	190	1	191
8903	1790251296	1000	0	1000
8904	1790294432	4500	31	4520
8905	1790251303	100	6	100
8906	1790337640	100	0	292
8907	1790467235	990	0	987
8908	1790251304	1500	0	2300
8909	1790596832	150	1	149
8910	1790553634	140	1	150
8911	1790251304	1600	4	1660
8912	1790251300	100	0	100
8916	1790380839	2400000	0	2475900
8917	1790380842	1300000	2	1366997
8918	1790251304	1800000	0	1949949
8919	1790251301	6400000	0	6390000
8920	1790251303	850000	1	825000
8921	1790251298	850000	1	825000
8922	1790251298	850000	1	825000
8929	1790553634	6900	7	6920
8930	1790251303	160	0	160
8931	1790251303	15000	0	17400
8932	1790251296	34000	0	34300
8933	1790380839	20000	0	19000
8937	1790251300	1000	0	995
8938	1790251300	600	0	600
8939	1790251300	600	11	600
8940	1790251300	600	0	600
8941	1790380842	4200	0	4180
8942	1790251300	600	0	600
8943	1790294429	40000	1	40000
8944	1790251300	150	0	150
8945	1790251300	20000	3	20000
8946	1790251304	210000	0	234366
8947	1790640042	13000	1	2222
8948	1790251303	50000	1	45000
8949	1790251301	67000	1	62500
8950	1790251302	75000	1	70000
8951	1790510437	30000	1	30000
8952	1790251300	110000	1	111111
8953	1790251298	150000	1	150000
8971	1790510437	1800	0	2000
8972	1790208038	400	3	403
8973	1790337641	17000	20	17000
8974	1790424038	170	0	180
8975	1790596832	50000000	0	49000000
8976	1790251303	1200	52	1221
8977	1790640036	6100	94	6116
8978	1790337640	500	23	500
8979	1790553632	1500	45	1500
8980	1790424037	15000	58	15387
8981	1790380839	230	22	230
8982	1790510439	100	354	100
8983	1790251305	150	0	129
8986	1790251300	25000000	0	19000000
8987	1790251301	890000000	0	99999999
8988	1790251300	720000000	0	15000000
8989	1790251300	5400000000	0	4294967295
8990	1790380840	270000000	2	274949049
8991	1790294429	35000000	0	39000000
8992	1790553634	190	340	187
8993	1790553637	1100	292	1145
8994	1790640038	1100	22201	1100
8995	1790208038	230	1565	232
9000	1790251302	3400000000	0	3000000000
9009	1790510437	9000	6	10000
9010	1790251303	2200	20	2323
9011	1790251301	9000	0	4512
9012	1790251300	50000	0	50000
9013	1790251302	26000	0	27000
9014	1790251301	-1	0	0
9015	1790251303	1100000	0	2000000
9016	1790251303	770000000	0	700000000
9017	1790424040	330	407	332
9018	1790640036	5300	0	5539
9019	1790251303	500	3	498
9020	1790467235	3000	1	3003
9021	1790251303	4000	11	3999
9022	1790596836	19000	244	19000
9024	1790251303	1700	22	1800
9026	1790251301	49000000	0	48000000
9028	1790640038	350	0	390
9030	1790467235	7000	0	6996
9032	1790640037	49000000	0	52000000
9033	1790337640	140000000000	0	4294970000
9034	1790251300	100	200	100
9035	1790640036	1700	557	1700
9036	1790294434	1700	229	1760
9038	1790337641	38000	0	38383
9039	1790251300	150	0	150
9046	1790251300	1000	0	1000
9047	1790251300	1000	0	1000
9048	1790251300	1000	0	1000
9049	1790251300	1000	0	1000
9050	1790251300	1000	0	1000
9051	1790251302	100	0	100
9052	1790251300	100	0	100
9053	1790251300	100	0	100
9054	1790251300	100	0	100
9055	1790251300	100	0	100
9056	1790251302	100	0	100
9057	1790380839	1500	0	2000
9058	1790251300	100	0	100
9059	1790251300	100	0	100
9060	1790251300	100	0	100
9061	1790510437	1000	0	1110
9062	1790251300	100	0	100
9063	1790251300	100	0	100
9064	1790251300	100	0	100
9065	1790251301	100	0	100
9066	1790251300	100	0	100
9067	1790380838	1000000	0	988888
9073	1790251303	1500000000	0	1300000000
9075	1790640035	1100	68	1000
9076	1790251296	30000	0	35000
9077	1790251296	33000	1	33333
9078	1790294430	120	32	120
9079	1790467236	440	12	444
9080	1790251296	65000	0	2002
9081	1790510437	1900000000	0	2349900000
9083	1790553638	3900	75	3899
9085	1790294429	120	49	119
9103	1790251303	9000000000	0	4000000000
9106	1790251301	2700	0	23750
9107	1790251300	450	0	29000
9108	1790251300	2200	0	642246
9109	1790251300	270	0	9700
9110	1790251300	270	0	8000
9111	1790251303	270	0	950
9112	1790251300	270	0	4998
9113	1790251296	270	0	9000
9114	1790251298	900	0	50000
9115	1790251303	900	0	250000
9116	1790424037	1100	10	1111
9117	1790251304	310000000	0	300000000
9118	1790251296	32000	0	35000
9119	1790640036	49000	870	49910
9121	1790208038	44000	18	44997
9122	1790251304	40000	0	39843
9124	1790380839	1500000	0	1500000
9125	1790251301	100	0	100
9126	1790640036	170	1	188
9127	1790553633	230	0	230
9128	1790596833	19000	1	19000
9129	1790251300	100	0	100
9130	1790337640	720	4	722
9131	1790251300	100	0	100
9132	1790251302	9300	0	9338
9133	1790251304	370000000	0	380000000
9134	1790208040	21000	1	20800
9135	1790208040	21000	6	21000
9136	1790251301	7000000000	0	3000000000
9137	1790251300	900	0	150
9138	1790380839	900	0	948
9139	1790251300	900	0	150
9146	1790251303	390	8	390
9147	1790208038	4900	181	4933
9148	1790251304	490000	0	699000
9149	1790251300	150	0	150
9153	1790251300	100	0	100
9154	1790251304	100	2	100
9155	1790251303	100	2	100
9156	1790251300	100	3	100
9157	1790251300	100	2	100
9158	1790251300	100	0	100
9159	1790251300	100	3	100
9160	1790251300	100	2	100
9161	1790251300	100	0	100
9162	1790467236	19000	0	18999
9163	1790251300	6600	1	6666
9164	1790467236	18000	131	18000
9165	1790251302	6000	0	6000
9166	1790510440	15000	2	9000
9167	1790467236	19000	4	19500
9168	1790251303	8500	0	8500
9169	1790337640	18000	2	18650
9170	1790251300	11000	0	11111
9171	1790640036	6700	2	6800
9172	1790640035	4200	3	4300
9173	1790640036	9300	2	9500
9174	1790251303	5800	0	5800
9175	1790640036	9900	1	9900
9176	1790640036	7900	2	8500
9177	1790640036	4900	2	5151
9178	1790640036	10000	0	11111
9179	1790510437	4200	22	4242
9180	1790251300	100	0	100
9181	1790251300	100	0	100
9182	1790337640	300000000	1	269000000
9183	1790596832	6500	87	6490
9184	1790510437	3000	1	1312
9187	1790467236	4700	102	2696
9189	1790251296	640000000	0	640000000
9190	1790251303	200	449	200
9191	1790553633	48000	0	49200
9192	1790553637	540	8	543
9194	1790467236	5300	0	5549
9195	1790553633	30000	126	30303
9197	1790251296	480000	0	489995
9198	1790510437	950000	2	948975
9199	1790510437	24000	3	24950
9201	1790251302	17000000	0	14000000
9202	1790251298	-1	0	999999999999
9203	1790251301	900000000	0	897999990
9204	1790251305	54000	42	53977
9206	1790380838	490000	0	500000
9207	1790251303	31000	2	30803
9208	1790251303	240000	1	230000
9212	1790208042	600	1	600
9213	1790251300	600	0	600
9214	1790424036	5000000	0	3000000
9215	1790251302	1500000	0	1500000
9217	1790467235	2500	1	2500
9218	1790467238	120000	4	151515
9219	1790380838	100	1	100
9220	1790251304	140	0	139
9221	1790640036	100	290	100
9222	1790251303	2000	0	2002
9223	1790640037	55000	1	54979
9224	1790251303	3400	0	3378
9225	1790380839	1700000	1	1689050
9226	1790251303	110	0	110
9227	1790251296	4000	2	3996
9233	1790467236	30000	2	30298
9235	1790251296	69000	0	69000
9237	1790208038	3000	24	2980
9242	1790251296	2000	0	2222
9244	1790553632	950000	1	949899
9245	1790553633	90000	1	88999
9246	1790553632	230000	1	234998
9247	1790553632	130000	1	129999
9248	1790251296	390000	1	389998
9249	1790510439	35000	0	500000
9250	1790251296	45000	0	45000
9251	1790467235	1400000	0	810000
9252	1790467235	190000	0	188999
9253	1790251302	62000	0	64000
9254	1790596832	400000	0	100
9255	1790251303	100000	0	120000
9257	1790251300	560	0	560
9258	1790510443	890000	6	480000
9259	1790640036	66000	3	66000
9260	1790208038	75000	2	75555
9261	1790380844	16000000	5	16500000
9266	1790467236	300000	0	300000
9267	1790294430	3100	0	3500
9269	1790208038	120000	9	120000
9271	1790640035	3600	0	3500
9272	1790337640	100	0	303
9275	1790251300	10000	0	10000
9276	1790251300	30000	0	100
9277	1790251296	66000	0	66605
9278	1790251303	49000000	0	36475000
9279	1790251304	65000000	0	36744999
9280	1790251300	300000	0	260000
9285	1790251300	36000000000	0	218700000
9286	1790251296	380000000	0	500000000
9287	1790640036	13000000	1	10000000
9288	1790251300	900	0	800
9290	1790467235	7800000	0	7780000
9291	1790251300	2000	0	2000
9292	1790251303	7500	0	7499
9293	1790424036	5000	0	5000
9294	1790251298	3000	0	3000
9295	1790337641	1500	33	1525
9296	1790251302	1600000000	0	1395000000
9297	1790596832	100	7	100
9298	1790596832	100	4	100
9299	1790467235	620	4	625
9300	1790596832	100	1	100
9301	1790640036	490	43	500
9302	1790251303	150	0	197
9303	1790251300	980000000	0	911111111
9304	1790251296	550	0	555
9307	1790251303	120	6	124
9309	1790251304	180	1	181
9310	1790596832	200	0	199
9311	1790251300	100	42	100
9312	1790510437	9000	0	9900
9313	1790380842	110000	0	165000
9316	1790251302	5200000000	0	2399000000
9317	1790251303	4000	1	4000
9318	1790424039	1800	5	1820
9319	1790251303	2400	0	2400
9328	1790251303	8900000	1	8900000
9329	1790640035	16000	0	100
9330	1790337640	38000000	0	39000000
9331	1790251302	1200000	0	1200000
9332	1790467240	3000	56	2999
9333	1790553640	140000	613	145000
9334	1790467241	3300	42	3332
9335	1790294431	160000000	0	160000000
9337	1790251303	130000	0	129000
9345	1790251300	75000000	0	12000000
9347	1790251300	100	44	100
9348	1790251302	14000	0	14500
9349	1790251296	2600	0	2661
9350	1790596834	210	5554	213
9351	1790467235	69000	388	69600
9352	1790640039	3000	9605	3669
9353	1790251300	100	174	100
9354	1790251298	7500	0	7500
9355	1790640038	22000	431	22000
9356	1790251303	310	1045	312
9357	1790251303	600	0	600
9358	1790640035	4300	4	4300
9359	1790380840	12000	0	14000
9360	1790380839	29000	0	29292
9361	1790553633	4900	37	4900
9362	1790380843	13000	0	14500
9363	1790251296	650	0	656
9364	1790424039	100	0	100
9365	1790467235	210	1	210
9366	1790294429	11000	10	10888
9367	1790251303	590	0	595
9368	1790640038	280	2	282
9369	1790553633	66000	0	68967
9370	1790467236	3600	5	3619
9371	1790467235	700	0	799
9372	1790294430	330	6	411
9373	1790467236	22000	9	22000
9374	1790640036	390	3	400
9375	1790596832	490	1	493
9376	1790337644	140	1	145
9377	1790294429	330	0	331
9378	1790424036	22000	25	22222
9379	1790510439	700	1	800
9380	1790467239	12000	122	11995
9381	1790251303	330	0	333
9382	1790380838	100	0	100
9383	1790337640	430	2	434
9384	1790251303	16000	3	16500
9385	1790251303	650	50	650
9386	1790510437	390	187	320
9387	1790467240	66000	120	65997
9388	1790380842	5200	26	3000
9389	1790337640	800	33	797
9390	1790251303	1500	7	1500
9391	1790251303	24000	3	23825
9392	1790380838	710	114	716
9393	1790294429	950	2	950
9394	1790251303	270	9	270
9395	1790380840	2800	1	2900
9396	1790640036	18000	1435	18000
9397	1790251304	2900	20	8000
9398	1790424037	11000	7	10900
9399	1790251303	180	9	178
9400	1790251304	140	7	143
9401	1790251296	6600000000	0	4294967295
9402	1790251305	17000	4	16961
9403	1790251300	40000	0	44998
9404	1790251304	2300000000	0	2849000000
9412	1790380838	30000	0	30000
9415	1790251301	100	12	100
9420	1790640036	500	0	800
9421	1790380839	14000000	0	13990000
9423	1790640037	100	25	100
9428	1790640036	290	0	200
9429	1790424037	8500000	0	10000000
9432	1790294429	100000	9	143341
9433	1790467238	8900	22	8888
9434	1790208044	2000	122	6000
9435	1790510438	90000	0	89977
9436	1790251304	120000000	0	75000000
9437	1790251303	180000000	0	184000999
9438	1790251302	400000000	0	124000000
9439	1790251304	220000000	0	160000000
9440	1790251296	99000000	0	100000000
9441	1790424036	9000	0	9000
9442	1790424036	3200	0	3450
9448	1790424038	20000	307	100
9449	1790294432	1000	0	1000
9450	1790251300	100	6	100
9451	1790251300	54000	0	54000
9452	1790251300	31000	0	31000
9453	1790251300	21000	0	21000
9454	1790251303	2000	0	2048
9455	1790251303	35000	0	46099
9456	1790640036	7800	0	8168
9458	1790640036	19000000	0	20000000
9459	1790251302	8300000	0	8250000
9460	1790510438	3600000	3	3350000
9461	1790251303	3300000	1	3300000
9463	1790424037	98000	0	100
9464	1790251298	4900000	0	4950000
9465	1790251303	260000	0	274444
9466	1790640037	16000	379	100
9467	1790553637	12000	19	12000
9468	1790640038	25000	0	22140
9469	1790596832	1100000	4	1149999
9470	1790424037	990000	0	980000
9471	1790208040	930000	0	915259
9472	1790251303	770000	1	774800
9473	1790251304	1800000	0	1999000
9474	1790640038	1500	25	1520
9475	1790294429	200	5	198
9476	1790467235	100	0	110
9478	1790251303	800000000	0	700000000
9479	1790640038	90000	50	90000
9480	1790553633	16000	160	19000
9481	1790467236	7600	19	7666
9482	1790553638	990	138	888
9483	1790510439	8000	241	6500
9484	1790251296	15000	14	16000
9485	1790553632	10000	47	10000
9486	1790380842	5700	204	5750
9487	1790251296	650000000	0	759949000
9489	1790251296	44000	0	44444
9492	1790251303	2700000000	0	1799999999
9494	1790337640	700	0	699
9495	1790510437	1500	0	2000
9496	1790640036	13000	441	12810
9498	1790380840	170000	0	100
9499	1790251303	9400000	0	9450000
9500	1790251296	100	0	100
9501	1790294430	1600	69	590
9502	1790424037	100	3	100
9504	1790251303	35000000	1	35000000
9506	1790251300	75000000	0	18000000
9507	1790251304	2300000000	0	2900000000
9510	1790640036	12000	357	12995
9511	1790294430	1600000000	0	1599999999
9513	1790640037	7500	1361	7475
9514	1790424043	7900	87	7921
9515	1790640037	2700	605	2730
9516	1790640037	500	624	500
9523	1790640036	4000	1	4000
9524	1790251300	150	0	150
9527	1790251303	790000000	0	800000000
9528	1790251303	490000000	1	420000000
9530	1790251303	35000	1	35000
9537	1790640041	49000	15108	49990
9539	1790251303	160000	0	177000
9540	1790251303	160000	0	177000
9541	1790251296	750000000	0	666666666
9542	1790251296	150	0	150
9543	1790467239	5400	36	5400
9544	1790251304	2100	310	2167
9545	1790337647	700	10	699
9546	1790640036	270000	4	222222
9547	1790251300	600	0	598
9548	1790251298	190	0	352
9549	1790251304	520	18	535
9550	1790251303	190	0	190
9551	1790251296	12000	1	12420
9552	1790251303	25000	12	25000
9553	1790424036	30000	0	1061
9554	1790251303	8500	0	8583
9555	1790251302	110000	0	129999
9559	1790640036	670000	0	750000
9560	1790208039	720000	0	750000
9562	1790251300	190	0	190
9563	1790640037	1700	329	1770
9564	1790640038	340000	7	337777
9565	1790251296	700	1	700
9566	1790640037	240000	3	237770
9567	1790251300	390	0	390
9568	1790596832	400	0	842
9569	1790510440	9000000	1	9999999
9570	1790467235	40000	0	39959
9571	1790380838	390	0	390
9572	1790640036	600000000	0	619666000
9575	1790294430	880000	0	780000
9576	1790251305	50000	1	49979
9577	1790380845	8800	103	8800
9578	1790208038	640000	0	420000
9579	1790208039	680000	0	684543
9580	1790553635	130000	2	129974
9581	1790251298	500000	0	420000
9582	1790251303	270000	0	270000
9583	1790640035	11000	0	13025
9584	1790251303	500	0	100
9585	1790251296	4600	0	4600
9586	1790251303	47000	1	47897
9587	1790251296	100000	1	99992
9588	1790251303	50000	0	50000
9589	1790251296	78000	1	78993
9590	1790251300	860000	1	869995
9591	1790251303	300000000	0	270000000
9593	1790251300	100000	0	100000
9594	1790251304	100000	0	100000
9595	1790251304	1900000	0	1950000
9596	1790510437	2800000	3	2789965
9597	1790251296	2900000	2	2894965
9598	1790640036	2900000	2	2200000
9599	1790251302	800000	0	923987
9600	1790251300	74000	1	74648
9601	1790251301	390000	0	388977
9602	1790251302	300000	0	80000
9603	1790251300	110000	0	110110
9604	1790251303	260000	0	331886
9605	1790553635	1400000	0	1699777
9606	1790640035	290000	0	150000
9607	1790251296	14000	0	15000
9608	1790640036	65000	0	65000
9609	1790640036	230000	0	234900
9610	1790251301	240000	0	150000
9611	1790337640	30000	0	33333
9612	1790251296	1300000	0	1333337
9613	1790251296	40000	0	39093
9614	1790553633	42000	0	60000
9615	1790251296	990000	0	385000
9616	1790251301	550000	0	550000
9617	1790380838	190000	0	190000
9618	1790251304	360000	0	369777
9619	1790251300	400000	0	399777
9620	1790251301	94000	0	100000
9621	1790251303	65000	2	90000
9622	1790251303	63000	0	60000
9623	1790251296	200000	0	219975
9624	1790251302	20000	0	19000
9627	1790424036	13000000	0	13000000
9629	1790251300	1500	0	1995
9630	1790640035	550	0	1601
9631	1790251303	9500	0	10890
9632	1790251304	80000	1	80000
9633	1790251303	170000	0	199999
9634	1790337640	150000	0	149000
9635	1790640038	2600000	0	2690000
9637	1790251305	2900000	1	2910000
9639	1790251305	2500000	1	2470000
9641	1790640036	2900000	0	2900000
9643	1790380842	3200000	1	3260000
9645	1790294429	2900000	0	2899998
9647	1790380838	2500	0	4000
9648	1790251303	13000	0	13337
9649	1790640035	75000	0	75000
9650	1790337640	32000	0	35000
9651	1790208038	890	0	890
9661	1790208039	160000000	0	155000000
9665	1790251300	100	0	100
9679	1790251303	780000000000	0	1200000000
9680	1790251296	2000	0	2002
9681	1790251303	100	2	100
9682	1790380839	110	0	112
9683	1790640035	2100	821	2085
9689	1790251303	400000000	0	466000000
9696	1790510437	230	0	230
9697	1790640035	100	1	100
9698	1790251303	120	0	100
9701	1790251302	120	9	120
9702	1790251300	120	10	120
9703	1790596832	120	26	126
9704	1790424043	700	0	500
9705	1790251303	120	15	120
9706	1790553632	1100	10	1111
9707	1790640036	1100	122	1400
9712	1790251296	640000000	0	400000000
9713	1790251304	50000	2	64944
9714	1790251303	70000	2	70000
9715	1790251303	19000	1	19391
9716	1790251296	42000	1	42690
9717	1790380840	68000	3	67890
9718	1790467235	60000	5	60000
9727	1790640036	3400	0	200
9728	1790510437	1300	0	300
9729	1790251300	100	0	100
9730	1790251300	100	1	100
9731	1790251296	1600	3	1606
9732	1790251296	9200	2	9119
9733	1790251303	1300	0	1300
9734	1790251300	3900	0	3900
9735	1790640036	470	132	500
9736	1790424038	1300	223	1299
9737	1790640036	300	3	300
9738	1790467236	590	22	597
9739	1790640036	100	1038	100
9740	1790251300	100	0	100
9741	1790251303	100	0	158
9742	1790251300	100	0	100
9743	1790467235	790	0	797
9744	1790251304	420	0	419
9746	1790251302	100	1396	100
9748	1790251298	200000	0	249860
9749	1790251300	35000	0	35000
9750	1790251300	88000	0	88000
9751	1790251300	33000	0	33333
9752	1790510437	190000	0	239994
9753	1790251303	350000	0	20000
9759	1790251304	360000000	0	384600012
9761	1790596836	13000	4172	13500
9762	1790424036	1000000	1	1000000
9763	1790553633	2000000	2	2000000
9764	1790251296	1200000	1	1187500
9765	1790294431	500000	5	999999
9766	1790640038	590000	5	301000
9767	1790208038	3000000	2	3000000
9768	1790251300	1000000	2	1000000
9769	1790251304	2000000	2	2000000
9770	1790251302	1000000	3	1000000
9771	1790208040	250000	2	250000
9772	1790251296	4000000	2	4000000
9773	1790208040	750000	1	750000
9774	1790640036	500000	7	500000
9775	1790251309	950000	2	950000
9776	1790510437	550000	4	555555
9777	1790337647	1200000	2	500000
9778	1790208038	500000	2	500000
9779	1790251307	750000	1	500000
9780	1790251298	950000	2	950000
9781	1790380838	400000	2	400000
9782	1790640035	680000	6	570000
9783	1790467243	600000	2	600000
9784	1790251302	500000	2	500000
9785	1790337640	500000	5	500000
9786	1790294431	500000	2	500000
9787	1790208038	1200000	2	1250000
9788	1790337640	950000	0	950000
9789	1790251302	2000000	1	2000000
9790	1790251300	700000	4	650000
9791	1790553633	1700000	1	1444000
9792	1790208040	500000	2	500000
9793	1790208040	500000	2	500000
9794	1790208042	500000	8	500000
9795	1790640036	1000000	1	1000000
9796	1790251303	750000	2	750000
9797	1790251304	500000	2	500000
9798	1790251302	930000	4	935750
9799	1790208038	1200000	2	1000000
9800	1790251302	2000000	4	2000000
9801	1790596832	350000	3	300000
9802	1790596832	500000	5	500001
9803	1790640036	420000	1	420069
9804	1790640036	2500000	5	2500000
9805	1790640036	500000	5	500000
9806	1790251302	1800000	1	1800000
9807	1790424037	7800	1	8000
9808	1790467238	780000	9	785000
9809	1790640036	50000	8	49800
9810	1790510439	5000	9	4998
9811	1790596832	87000	3	87654
9812	1790380842	37000000	0	34000000
9813	1790251304	250	1	249
9814	1790596832	49000	11	67676
9815	1790208038	1000	15	1000
9816	1790251296	2400	0	2400
9817	1790251311	700	0	700
9818	1790251303	1400	1	1398
9819	1790424043	990	32	990
9820	1790251296	690	0	690
9827	1790208038	540	606	5000
9828	1790251300	100	0	100
9829	1790640035	100	24	100
9830	1790251296	100	0	100
9831	1790251303	100	5	100
9832	1790467235	550	3	555
9833	1790640036	3000	23	2999
9834	1790251303	100	0	100
9835	1790337640	300000000	0	298000000
9836	1790510440	200000	117	199000
9843	1790251296	6700	0	6765
9860	1790251303	6900000	0	6904000
9861	1790596832	2200000	1	2239744
9869	1790251303	40000	0	40000
9870	1790251300	84000	0	84500
9871	1790251303	1900000	0	2900000
9878	1790510437	8400	47	7000
9879	1790640037	7000	138	7000
9880	1790251302	190000	6	187688
9893	1790380843	50000	2	49999
9898	1790251300	400	0	9000
9899	1790251300	100	0	100
9900	1790251300	100	0	100
9901	1790596832	2400	0	2771
9902	1790294429	400	0	400
9908	1790251303	280	38	281
9920	1790640036	660000000	0	700000
9922	1790251303	220	0	220
9923	1790467237	100	262	500
9924	1790640038	6900	43024	6969
9925	1790467243	4200	2	924
9926	1790424038	520	3007	500
9927	1790337640	230000000	0	245000000
9932	1790251300	100	22	100
9933	1790251296	100	1	100
9934	1790251300	100	397	100
9936	1790424037	8800	2	8888
9937	1790251305	900	2	460
9938	1790596838	8900	349	3000
9939	1790424036	330000000	0	270000000
9940	1790251300	150	0	150
9942	1790337640	380000000	0	380000000
9943	1790640036	45000	73	44900
9947	1790640038	130	1435	131
9948	1790251300	100	0	100
9949	1790251300	120	1	120
9950	1790251300	120	0	120
9951	1790251303	32000	0	25000
9952	1790251302	100	10	100
9953	1790251300	100	0	100
9954	1790251298	120	1	120
9955	1790251300	120	1	120
9956	1790596832	6000	0	6500
9957	1790553634	200	296	200
9958	1790251300	100	42	100
9959	1790251300	120	0	120
9960	1790251300	120	12	120
9961	1790294429	2600	3	2662
9962	1790596833	100	428	118
9963	1790251300	100	23	100
9964	1790251300	120	0	120
9965	1790337640	120	1	120
9966	1790424036	28000	0	27745
9967	1790251303	300	509	300
9968	1790596833	160	186	163
9969	1790251300	120	0	120
9970	1790251300	120	1	120
9973	1790467235	580	48	580
9974	1790553634	1800	1	1991
9975	1790251300	100	0	1000
9979	1790208038	18000	0	17967
9980	1790251303	10000	1	9999
9981	1790596832	6400	6	6399
9986	1790251303	1000	0	999
9988	1790640035	410000000	0	409000000
9989	1790337640	420000000	0	333333333
9991	1790640037	7400	376	7400
10010	1790467236	300	355	300
10011	1790337640	750	0	749
10012	1790553637	1000	1	750
10013	1790251296	390	4	393
10014	1790467235	1000	0	283
10015	1790467236	1600	0	200
10016	1790596832	900	58	919
10017	1790467237	200	286	124
10018	1790640036	3400	10	3481
10019	1790553633	1000	15	900
10021	1790251304	1000000	2	997500
10022	1790251304	190000	2	194000
10023	1790208038	400000	1	400000
10024	1790640038	100	27	100
10025	1790424037	570000	0	555555
10026	1790553632	75000	1	74994
10027	1790251303	69000	1	69064
10028	1790640036	170000	0	177994
10029	1790553632	460000	1	464985
10030	1790251302	9500000	1	9550000
10032	1790251296	150	0	150
10033	1790510438	63000	1	63000
10034	1790251300	100	0	100
10036	1790251300	100	0	100
10037	1790596832	80000	0	80000
10038	1790251302	690	0	695
10039	1790380839	6000	0	6000
10040	1790251303	710	6	708
10041	1790424036	24000	0	24000
10042	1790337640	100000	1	99999
10043	1790251302	100	2	100
10044	1790596832	270	23	272
10045	1790510437	230	56	235
10046	1790640036	1600	6	1678
10047	1790251303	100000	0	90000
10048	1790640035	30000	1	30000
10049	1790251304	390000000	0	401111111
10056	1790294431	19000	42	18820
10057	1790251303	930000000	0	800000000
10061	1790640035	170	952	100
10062	1790467235	2000	1	1000
10064	1790251300	900	0	898
10066	1790251300	1000000	0	1000000
10067	1790251304	110	0	111
10068	1790251296	290	0	400
10069	1790596832	120000	2	119997
10070	1790640041	50000	27	34350
10071	1790640039	450000	1	280000
10072	1790467236	22000000	2	22420069
10073	1790596832	10000000	1	10000000
10075	1790380838	17000000	0	17000000
10077	1790251302	9400000	0	9400000
10079	1790251298	2900000	0	2900000
10080	1790251303	2000000	0	1900000
10089	1790251300	100	119	100
10097	1790251298	100	16	100
10105	1790424038	540	98	545
10113	1790640037	4100	15	4100
10129	1790640037	330	6	327
10137	1790251296	100	0	100
10145	1790640036	2900	138	2900
10146	1790251303	7800000000	0	949944000
10147	1790424037	310	0	332
10149	1790596832	100	50	100
10150	1790596832	440	0	441
10152	1790251296	2500	5	2500
10153	1790640039	470	23	100
10155	1790596832	110	0	111
10156	1790251304	180	0	100
10158	1790251303	100	0	100
10159	1790380838	50000	9	50500
10160	1790251303	150	0	153
10161	1790294429	100	1	100
10162	1790553637	420	0	500
10163	1790251307	800	18	800
10164	1790467238	260	381	300
10165	1790251304	200000000	0	189999999
10169	1790596832	4500000	0	125000
10170	1790294431	270000	4	200000
10171	1790251296	250000	0	249990
10172	1790251304	1300000	0	3725000
10173	1790640042	780000	6	999990
10174	1790467235	1400000	1	1400000
10175	1790510437	450000	0	325000
10176	1790251303	250000	1	249985
10177	1790251304	69000	9	100
10178	1790640036	120000	0	124499
10179	1790251300	100	0	100
10180	1790640036	170000000	0	185000000
10185	1790251300	25000000	0	200000
10187	1790640035	850000000	0	850000000
10188	1790640037	410000	89	415000
10199	1790510440	11000	7	9000
10200	1790251298	800	0	800
10201	1790380839	500	14	555
10202	1790208039	540	12	544
10203	1790337640	3100	15	3111
10204	1790251303	92000	0	92300
10208	1790251303	100	14	100
10209	1790640040	19000	452	19370
10212	1790640036	150	1	158
10213	1790251302	100	14	100
10214	1790251304	3700	20	3750
10215	1790251304	52000	0	50000
10216	1790251296	300	30	299
10223	1790251298	16000	0	16294
10226	1790424037	1500000	1	1529856
10232	1790251303	250	1	244
10233	1790251303	560	2	566
10234	1790553637	220	53	200
10235	1790640036	960	1	979
10236	1790251303	670	2	670
10237	1790380840	8600	12	8686
10238	1790553641	7900	14	7894
10239	1790510437	6800	24	6860
10240	1790640035	6600	11	7600
10241	1790251300	370000000	0	324000000
10243	1790596832	980	131	1000
10244	1790294432	340	0	100
10245	1790380842	170000	2	169418
10246	1790251303	360000	0	359968
10247	1790640036	420000	1	419999
10248	1790380842	75000	1	75000
10249	1790251304	210000	0	208965
10250	1790510437	360000000	0	300000000
10255	1790510437	1000	0	2249
10256	1790510437	280000000	0	250000000
10257	1790640035	470000000	0	635200003
10259	1790251303	100	816	100
10260	1790208038	50000	1	50000
10261	1790208038	500000	1	500000
10262	1790640036	2000000	0	2140420
10263	1790251302	2900000	0	3600000
10264	1790424039	8700000	0	8700000
10266	1790251300	100	12	100
10267	1790251302	100	10	100
10268	1790251300	100	188	100
10269	1790251300	100	121	100
10270	1790251300	100	11	100
10271	1790251304	100	116	100
10272	1790467236	100	34	100
10273	1790251300	100	0	100
10277	1790251296	2900	3	2992
10278	1790251298	500	2	500
10279	1790251300	500	1	500
10280	1790251300	400	0	400
10281	1790640036	17000	134	17692
10282	1790596832	6800000	3	6969696
10283	1790424037	6200000	1	6170000
10284	1790510437	6300000	1	6300000
10285	1790510437	750000000	0	500000000
10286	1790251302	-1	0	0
10287	1790251303	-1	0	300000000
10288	1790251302	-1	0	300000000
10289	1790251303	600	20	600
10290	1790208038	200	0	212
10292	1790251303	340000000	0	350000000
10293	1790640037	210	699	210
10309	1790251300	100	0	100
10311	1790640038	430	5074	350
10320	1790251303	4000	7	4000
10321	1790596835	4000	68	4000
10322	1790251303	120000000	0	121212121
10323	1790251304	730000000	0	580000000
10324	1790251300	150	7	150
10332	1790294431	840000000	0	700999996
10334	1790294431	280000000	2	280000000
10337	1790251298	150000	0	169999
10338	1790596832	100000	0	125000
10339	1790510437	120000	1	125000
10340	1790553632	75000	1	74998
10341	1790553633	140000	1	138997
10342	1790553632	320000	1	320992
10343	1790596832	300000	1	210000
10344	1790251296	420000	1	400000
10345	1790294431	870000000	0	800000000
10346	1790251303	220	4	222
10347	1790251303	360	0	357
10348	1790596832	200	18	215
10349	1790467235	3100	0	3100
10350	1790640036	15000	151	15000
10351	1790251300	26000	2	26000
10352	1790596832	4100	0	8500
10353	1790380839	6600	0	9488
10354	1790251300	45000	0	45000
10355	1790553633	4800	0	100
10356	1790251298	60000	0	60000
10357	1790337640	180	16	178
10358	1790208038	43000	0	850000
10359	1790251302	19000	32	19000
10360	1790640039	23000	165	20000
10361	1790596832	300	14	308
10362	1790251302	5800	0	5828
10363	1790251300	15000	0	15000
10364	1790294429	89000	4	88888
10365	1790251300	10000	0	10000
10366	1790251302	8800	0	9888
10367	1790251300	25000	0	25000
10369	1790251303	8600	0	8500
10370	1790251296	30000	0	30000
10371	1790640038	18000	62	19569
10375	1790251303	250000	0	244444
10376	1790251300	18000	0	23000
10379	1790251304	23000000	0	24000000
10380	1790251303	84000000	0	84000000
10382	1790251303	89000	0	88724
10383	1790251300	100	0	111
10384	1790380839	100	3	100
10385	1790251303	7500000	0	9344444
10386	1790251303	100	11	100
10387	1790640039	470	0	100
10388	1790596832	9900000	0	10000000
10389	1790294432	100	0	400
10390	1790294431	1000	17	775
10391	1790553632	4000000	0	3900000
10392	1790251300	500	0	500
10393	1790251300	100	44	100
10394	1790251296	3400000	0	4700000
10395	1790424036	5000	0	6495
10396	1790380839	400	0	399
10397	1790553637	37000	2	36999
10398	1790251303	100	1	100
10399	1790251300	100	1	100
10400	1790251300	1000	0	1000
10401	1790251303	500	0	499
10402	1790251296	2000	0	2000
10403	1790596832	29000	0	29400
10404	1790251296	2000	0	1699
10414	1790424038	350000	0	370000
10415	1790251303	520	20	666
10416	1790380839	500	1	100
10417	1790640036	100	169	100
10418	1790251296	2000000	0	1750000
10419	1790553637	14000000	1	14444420
10420	1790640036	7000000	0	8500000
10421	1790640036	1400000	1	1222222
10422	1790640036	8000000	0	9000000
10423	1790294431	6100000	0	5600006
10425	1790208038	7400	0	7459
10426	1790510437	880	34	885
10427	1790251302	14000	0	12500
10428	1790640036	100	2	106
10429	1790251300	100	3	100
10430	1790251302	190	0	199
10431	1790553632	370000000	0	352000000
10433	1790251303	730000000	0	745000000
10437	1790553632	1700000000	0	1500000000
10440	1790251300	40000000	0	40000000
10442	1790251296	18000	0	12000
10445	1790251303	9000	0	9001
10446	1790251303	9000	2	9001
10447	1790510437	900000	0	900000
10448	1790510438	700000	0	689999
10449	1790251304	5900000	0	800000
10451	1790424036	2400000	0	2000000
10475	1790251296	86000000	0	80000000
10476	1790251303	1800	3	1800
10477	1790251303	1600	3	1650
10478	1790251300	500	3	500
10479	1790251302	1900	4	1906
10481	1790337641	330000000	0	299999999
10488	1790510437	1800000	1	1799000
10489	1790596832	350	19	357
10490	1790251303	110000	0	109999
10491	1790424037	790	10	799
10492	1790510437	120	0	123
10498	1790251296	40000	0	39999
10499	1790251300	150	0	150
10500	1790251303	700	20	700
10502	1790510437	1500000000	0	1099999999
10513	1790251302	7100000	0	3000000
10514	1790251302	1100000	0	1110000
10515	1790251296	4000000	0	4980000
10516	1790251302	100000	0	110006
10517	1790640036	4500	2	5005
10518	1790251302	4800000	0	6543456
10519	1790251303	100000000	0	3000000
10520	1790337641	2200000	0	2999999
10521	1790251302	3200000	0	3250000
10522	1790251299	2000000	0	2000000
10523	1790251300	3000000	0	3000000
10524	1790251300	2000	0	2000
10525	1790467235	400000	0	350000
10526	1790251300	500000	0	500000
10528	1790251296	5500000	0	5500000
10532	1790251304	680000000	0	681111111
10541	1790251296	11000	0	800
10542	1790251300	33000	0	33333
10543	1790251303	91000	0	92650
10544	1790251296	44000	0	44000
10545	1790251304	10000	0	10000
10546	1790251300	1700000	1	1750000
10571	1790640036	1500000	1	1495000
10572	1790251300	100	0	100
10573	1790380838	200000000	0	205000000
10575	1790467235	110000	0	110000
10576	1790510437	1000000	0	888888
10577	1790251303	4000000	0	3500000
10578	1790251303	1900000	0	1500000
10579	1790380839	650000000	0	555000000
10580	1790251300	150	0	150
10581	1790251296	250000000	0	240000000
10583	1790251298	100	0	100
10589	1790380840	150000	0	198891
10591	1790251302	100000	0	100000
10593	1790510437	3000000	0	2998776
10595	1790251302	770000	0	777888
10597	1790510437	2200000	2	2200000
10599	1790251296	20000000	0	18000000
10602	1790467243	1500	66	1000
10603	1790251296	1500	0	1565
10604	1790467235	3900	0	4879
10605	1790251303	6000	0	6000
10606	1790640036	15000	9	15527
10607	1790251303	15000	0	14888
10608	1790251304	2100	0	2077
10609	1790251296	890	0	895
10610	1790510437	10000	0	100
10611	1790553633	6900	13	6886
10615	1790380838	1100	0	1100
10616	1790553632	6200	0	5500
10617	1790640035	15000	82	15142
10618	1790251303	15000	0	15045
10619	1790467238	15000	383	14444
10620	1790251303	15000	0	15049
10621	1790510442	15000	289	15495
10623	1790251303	11000	0	11000
10624	1790380839	11000	0	10801
10625	1790380840	11000	0	11000
10626	1790251303	11000	0	11000
10627	1790380840	5500	1	5400
10628	1790251303	11000	6	11111
10629	1790208038	11000	1	11063
10630	1790424038	10000	15	10000
10631	1790640035	11000	3	10899
10632	1790424038	11000	0	20000
10633	1790424038	11000	2	11070
10634	1790251303	11000	10	11200
10635	1790251303	250000000	0	234499999
10638	1790510437	270	0	270
10641	1790553633	2800	39	2800
10642	1790251302	11000	1	10800
10643	1790251305	2500000	1	2477999
10644	1790251303	330000000	1	333333333
10646	1790251303	750000000	0	650000000
10648	1790380838	310000000	0	315000000
10652	1790337640	120000000	0	180000000
10653	1790380840	390	4	396
10654	1790596832	4000	0	979
10655	1790251303	320	1	322
10656	1790596832	250	20	251
10657	1790510437	300	19	300
10658	1790640036	1200	1	1251
10662	1790251296	1700	1	1700
10663	1790251296	9500	0	10000
10664	1790294429	2000	3	1991
10665	1790251303	87000	0	86995
10666	1790251296	40000	0	25000
10667	1790251302	50000	0	60000
10668	1790251296	130000	0	124000
10669	1790251298	3500000	0	1500000
10673	1790251302	-1	0	0
10674	1790596832	2700000	0	4299000
10675	1790251302	-1	0	0
10676	1790251302	-1	0	0
10677	1790251302	-1	0	0
10678	1790251305	4400000	0	3500000
10682	1790251299	65000	0	79000
10683	1790251302	92000	0	92000
10684	1790251303	60000	0	62000
10688	1790251303	3000000	0	3000000
10689	1790251302	5700000	0	6000000
10690	1790251303	5000000	0	5000000
10697	1790467235	5900000	0	6870000
10698	1790251296	8700000	0	8730000
10699	1790251298	8800000	0	7000000
10700	1790640036	6600000	0	7500000
10701	1790553632	15000000	0	10000000
10702	1790294431	20000000	0	24000000
10703	1790510437	25000000	0	25099999
10705	1790251303	30000000	0	29000000
10707	1790467235	14000000	0	14800000
10709	1790251298	20000000	0	19300000
10711	1790251303	10000000	0	10300000
10713	1790251302	8500000	0	8700000
10715	1790251300	100	0	100
10716	1790337640	100	44	100
10717	1790251302	3000000	0	2995000
10718	1790467235	2500000	0	2222222
10719	1790251302	4000000	0	4000000
10720	1790294429	2800000	0	2700000
10721	1790251303	9500000	0	9400000
10722	1790596832	1100	6	1111
10723	1790251303	330	0	335
10724	1790640036	7900	0	7998
10725	1790337642	1000	495	1000
10726	1790640041	7100	288	7244
10727	1790251306	900	120	960
10728	1790251303	37000	0	32500
10729	1790251296	410000000	0	547000000
10731	1790640036	120000000	0	135000000
10733	1790467239	640000000	2	633633633
10737	1790251303	620000000	0	595000000
10739	1790596839	7000	1912	7000
10740	1790640038	17000	23	17400
10741	1790640038	22000	56	21000
10742	1790640036	34000	38	34980
10743	1790640039	42000	29	41900
10744	1790640036	50000	391	49000
10745	1790251298	31000	0	30900
10746	1790294432	3500	92	2500
10747	1790251304	5000	55	5000
10748	1790596832	550000000	0	500000000
10750	1790251304	600000000	0	495000000
10751	1790251300	150	0	150
10752	1790596832	2000	51	2824
10753	1790294435	6000	17	6000
10754	1790467235	3500	1	3500
10755	1790251303	9300	15	9338
10756	1790251308	12000	218	11977
10760	1790337640	150000000	0	154000000
10761	1790251303	360000000	0	300000000
10773	1790251303	160000000	0	159999999
10774	1790510438	390	0	400
10775	1790251300	100	6	100
10776	1790596832	19000	46	18881
10777	1790596832	24000	39	7888
10778	1790467237	190	549	195
10784	1790251303	800	34	799
10785	1790510437	1100	7	1100
10786	1790596832	800	22	100
10787	1790251304	200	12	200
10788	1790640035	900	15	900
10796	1790553634	340000000	2	260000000
10798	1790251302	8900000	0	8950000
10801	1790251304	180000000	0	185000000
10802	1790251303	3500	0	3300
10803	1790380839	180000000	0	178000000
10805	1790553638	30000	0	15000
10806	1790251303	28000	0	27900
10807	1790251296	1100	0	1112
10808	1790337641	4500	14	2000
10809	1790251296	79000	0	100
10810	1790251296	18000	0	7000
10811	1790251302	78000	0	50000
10812	1790251296	58000	0	65000
10813	1790251296	47000	0	45000
10814	1790337641	110000000	1	109999998
10819	1790251303	1100	6	1100
10820	1790596832	7000	2	8000
10821	1790251303	600	0	599
10822	1790208038	410	2	100
10823	1790510437	1000	0	1335
10824	1790596832	900	1	900
10825	1790251303	550	2	549
10826	1790596832	290	2	292
10827	1790553637	6500	0	6980
10828	1790251296	2500	0	2500
10829	1790640036	7700	579	7740
10830	1790640039	47000	102	49999
10831	1790596833	7800	0	9664
10832	1790424038	40000	0	40904
10833	1790294429	150000	1	150000
10834	1790337641	42000	0	100
10835	1790467238	8800	0	9300
10836	1790251303	17000	0	16961
10837	1790510437	5000	0	5205
10838	1790553632	4300	0	4500
10839	1790380838	770	0	770
10840	1790251300	100	0	100
10841	1790251303	29000	0	10000
10842	1790337645	430	1	100
10843	1790294431	250	0	100
10844	1790251300	100	0	100
10845	1790251300	100	0	100
10846	1790251302	440	0	750
10852	1790251300	4000	0	4042
10853	1790251303	6900	0	6883
10854	1790251303	3800	0	3789
10855	1790640036	700000	0	650000
10856	1790251300	12000	0	13333
10857	1790251303	10000	0	10001
10858	1790553632	1500000	2	1500000
10859	1790640036	900	0	100
10860	1790510437	40000	11	39875
10861	1790251302	1000000	2	1000000
10862	1790640036	9100	0	9489
10863	1790251303	6800	0	7000
10864	1790294429	8000000	0	8000000
10865	1790640035	6000	0	100
10866	1790251304	3200	0	3175
10867	1790251296	6400000	0	6510000
10868	1790251302	290	1	289
10869	1790251300	9000	0	8999
10870	1790553632	1600000	1	1600000
10871	1790553632	25000	0	25995
10872	1790294429	9800	0	7500
10873	1790553632	1900000	2	1899999
10874	1790251303	1200	0	1187
10876	1790251300	100	155	100
10881	1790640041	32000	15738	25000
10884	1790596832	160000000	0	165000000
10889	1790640036	400000	0	400000
10890	1790380840	350000000	1	340420420
10892	1790596832	260000000	0	259999995
10895	1790251303	850000000	0	845995000
10896	1790424036	290	0	290
10897	1790380838	19000	0	7250
10898	1790380838	190000000	0	188500000
10900	1790251303	140000000	0	139000000
10902	1790553636	18000	51	18484
10908	1790251304	1100	12	1099
10909	1790251300	10000	0	10000
10910	1790467236	3000	95	3000
10911	1790510437	510	3	514
10912	1790467242	580	29	400
10913	1790640037	600	71	884
10914	1790596832	160	486	100
10915	1790251300	100	3	100
10916	1790467239	100	3	100
10919	1790337640	390000000	0	300000000
10921	1790251296	100	0	100
10922	1790251302	100	13	100
10923	1790251302	100	27	111
10924	1790251300	100	20	100
10925	1790251300	2000	7	2000
10926	1790510437	100	20	101
10927	1790640037	5000	1297	5000
10928	1790424036	240000000	0	210000000
10930	1790640038	480	184	484
10931	1790251303	200000000	0	170000000
10951	1790251302	200000000	0	184000000
10953	1790553633	180000000	0	200000000
10955	1790596833	100	333	100
10956	1790251300	100	296	100
10959	1790251300	100	79	100
10960	1790553639	5700	618	5700
10962	1790251300	100	294	100
10963	1790596832	100	249	100
10964	1790251302	40000	0	35000
10965	1790251303	330000000	0	275000000
10966	1790380839	440000000	0	434600009
10967	1790640041	7300	20098	7300
10968	1790596836	1200	1926	1200
10969	1790596838	1300	2354	1300
10979	1790596832	400	24	400
10980	1790510437	400	24	200
10981	1790467240	420	14	605
10982	1790640038	400	82	400
10983	1790337641	400	65	200
10984	1790380845	2500	10	400
10985	1790294434	400	11	300
10986	1790294431	400	58	400
10987	1790380844	300	19	300
10993	1790251300	600	3	600
10994	1790640038	5800	15	600
10995	1790251301	400	3	400
10996	1790251301	400	2	400
10997	1790251301	400	3	400
10998	1790251301	150	0	150
10999	1790553633	400	23	200
11001	1790251303	72000000	0	71800000
11002	1790251301	100	0	100
11003	1790251301	100	6	100
11004	1790251301	600000	0	700000
11005	1790553638	600	2269	290
11006	1790553637	15000	1	12500
11007	1790251303	250	0	250
11008	1790251303	420000	2	420000
11009	1790251304	89000	0	77777
11010	1790640036	130	0	135
11011	1790251301	100	0	100
11013	1790467235	100	20	100
11014	1790251301	100	20	100
11015	1790251301	100	2	100
11016	1790640036	4800	0	4800
11017	1790251301	2400	0	2395
11018	1790337640	2800	3	2776
11027	1790251303	100	3	100
11035	1790251301	100	1	100
11036	1790596832	34000	0	5400
11037	1790380838	14000	0	14000
11038	1790510439	16000	0	16001
11039	1790251302	65000	0	69069
11040	1790251301	30000	0	39992
11041	1790337641	17000	0	24999
11042	1790337641	25000	0	39997
11043	1790251296	33000	0	38999
11044	1790640035	190000000	0	188000000
11048	1790380838	50000	0	50000
11049	1790380840	17000	4	17000
11050	1790596832	2800	0	2992
11051	1790251296	3000	0	3000
11052	1790251302	3800	100	3850
11053	1790251298	27000	0	29000
11054	1790337640	15000	0	15400
11055	1790251303	13000	0	13801
11056	1790251301	13000	0	12000
11057	1790640038	2000	6	2000
11058	1790337640	110000	0	111111
11059	1790251302	1700000	0	1700000
11060	1790337641	700	0	900
11061	1790467235	190000	0	199000
11065	1790251301	100	2	100
11066	1790251296	45000	0	40000
11067	1790251303	150	2	150
11068	1790251303	13000	0	12999
11069	1790251303	30000	0	20000
11070	1790640036	200	4	200
11071	1790251304	4500	0	4540
11072	1790251303	300	0	300
11073	1790251296	7300000	0	300000
11074	1790251296	10000000	0	8750000
11075	1790251302	4500000	0	4500000
11076	1790510437	800	3	806
11077	1790337645	300	9	400
11078	1790424040	9000	0	133
11080	1790553632	1500000	1	1500000
11081	1790251303	990000	1	990000
11082	1790380842	85000	38	122
11083	1790640039	590000	10	400000
11084	1790640039	98000	13	55555
11085	1790337640	190000	0	100
11086	1790251301	150	0	150
11089	1790251296	97000000	0	97000000
11090	1790251301	150	0	150
11091	1790467235	1300	26	1300
11099	1790467239	120000000	1	116444444
11101	1790553634	16000	886	16500
11102	1790596832	900	0	1000
11103	1790640038	31000	33	1000
11104	1790380839	490	108	495
11105	1790380839	500	2	500
11106	1790380842	3800	48	4300
11107	1790640036	9400	735	9444
11108	1790510437	390	5	388
11109	1790596832	6800	192	8250
11110	1790208039	3100	6	3200
11112	1790251301	100	136	100
11113	1790251301	100	2	100
11115	1790251296	150000000	0	135555555
11117	1790251302	100000	4	100000
11118	1790380838	9000	17	8990
11119	1790251303	25000	7	25000
11120	1790640036	1000	28	100
11121	1790251301	100	30	100
11122	1790251301	100	1	100
11123	1790251301	100	7	100
11124	1790251301	100	0	100
11125	1790251302	100	0	100
11126	1790640038	5300	13449	5275
11127	1790251301	100	13	100
11128	1790251301	100	20	100
11129	1790467235	990	0	995
11130	1790251303	9900	0	9888
11131	1790251303	4900	0	4888
11132	1790208038	440	0	440
11133	1790251303	670	35	675
11134	1790337643	2400	126	2400
11135	1790640038	3000	3862	3000
11136	1790251302	100	60	100
11137	1790510437	900	87	900
11138	1790640036	180	2835	180
11139	1790640037	4400	4134	4700
11140	1790640038	1700	1279	100
11141	1790640036	5400	2188	5403
11142	1790640038	5100	9517	5086
11143	1790640040	3100	2892	3169
11144	1790640036	2800	3970	2800
11145	1790640038	3000	3884	2987
11146	1790640041	6200	5030	6390
11167	1790596834	15000000	9	10000000
11168	1790337644	180000000	3	150000000
11187	1790251305	170000000	1	165000000
11188	1790251303	2000	0	1991
11194	1790467239	10000	8	10499
11198	1790640036	48000	0	49000
11222	1790640036	130000000	0	129999999
11224	1790510437	1900	1	1969
11253	1790640038	7600000	0	7500000
11256	1790251296	140000000	0	136000000
11258	1790553633	1300	25	1300
11259	1790510437	2100	11	700
11260	1790596832	2000	6	1999
11261	1790510440	1900	65	1544
11262	1790208040	3000	11	3000
11263	1790640036	2500	159	2540
11264	1790510437	2700	14	2679
11265	1790467237	2800	32	2779
11266	1790208040	1900	4	2019
11267	1790251305	2200	5	2254
11268	1790467235	3200	20	3199
11269	1790251303	1800	2	1800
11270	1790596833	3500	2092	2600
11271	1790251301	100	249	100
11272	1790251297	200	926	200
11273	1790251302	200	925	200
11274	1790251303	200	913	200
11275	1790251301	100	0	100
11276	1790251301	100	0	100
11277	1790467235	1500	1	1490
11278	1790467236	1200	0	750
11279	1790294431	1100	0	750
11281	1790251302	50000	0	50000
11282	1790424036	190	10	197
11283	1790553632	5200	0	5207
11284	1790251301	200	4	200
11285	1790380838	28000	5	28000
11286	1790467238	490	0	495
11287	1790251303	4300	0	4300
11288	1790424038	650	0	664
11289	1790510437	3700	0	3695
11290	1790251301	100	0	100
11291	1790251296	2400	0	2400
11292	1790251297	400	1	400
11293	1790251303	3000	0	3000
11294	1790424037	300	21	305
11295	1790208038	590	0	598
11296	1790251303	750	0	800
11297	1790251296	470	0	474
11298	1790251301	100	1	100
11299	1790553635	200	12	200
11300	1790467236	94000000	1	94300000
11301	1790251301	100	0	100
11302	1790640036	11000	0	5000
11303	1790251297	83000000	0	65000000
11305	1790510437	94000000	2	94000000
11307	1790596832	1000	43	100
11308	1790510437	1000	27	950
11309	1790640039	990	26	100
11310	1790640037	9900	19	9888
11311	1790640039	1700	5094	100
11312	1790467239	400	250	500
11313	1790251307	10000	0	40999
11314	1790596832	7500	1	6500
11315	1790251302	4000	0	5000
11316	1790424038	180	31	181
11317	1790596832	100	50	100
11318	1790553634	120	154	149
11320	1790467235	200	37	199
11322	1790208040	6800000	0	6780000
11324	1790337646	49000	21	50000
11328	1790251301	100	2	100
11329	1790596834	990	44	996
11330	1790251301	100	304	100
11331	1790640036	100	24	100
11332	1790251301	100	0	100
11333	1790380839	210000000	0	209999999
11335	1790553636	120000000	1	111111111
11336	1790251301	200	0	200
11337	1790467242	22000	140	22000
11338	1790380839	270	220	200
11340	1790553636	100000000	3	108000000
11344	1790251304	1200	6	1000
11345	1790424036	3300	20	148
11346	1790596836	17000	643	17420
11347	1790640038	42000	1178	41750
11348	1790553633	1200	2	1250
11349	1790337641	4000	71	3997
11350	1790467235	18000	0	12000
11351	1790251301	120	20	120
11352	1790640036	1100	1399	1111
11353	1790640036	13000	12	12721
11354	1790510437	12000	13	12288
11358	1790294429	7800	0	7800
11361	1790640036	2900	4	2929
11362	1790510438	7000	0	5000
11364	1790510437	95000000	1	93000000
11365	1790251305	1200	0	1250
11366	1790640041	1000	1	100
11367	1790251298	750	0	750
11368	1790251301	2500	0	100
11369	1790251304	120	30	120
11370	1790251304	120000	0	140000
11371	1790553632	64000	0	64000
11372	1790510437	1500	0	1000
11373	1790510437	1000	0	3800
11374	1790553634	39000	0	37500
11375	1790596832	39000	0	40000
11376	1790251302	480000	1	480000
11377	1790424038	490000	12	490000
11378	1790294429	240000	13	244444
11379	1790640037	230000	220	230000
11380	1790640036	230000	0	200000
11381	1790553633	220000	0	199999
11382	1790553633	85000	0	91919
11383	1790553632	75000	0	99000
11384	1790553632	65000	0	73999
11385	1790251303	200000	0	110000
11386	1790640036	210000	50	206969
11387	1790553635	240000	75	230969
11388	1790640038	210000	176	210000
11389	1790640036	230000	34	237000
11394	1790510437	140000000	0	124745000
11395	1790251296	100	0	100
11396	1790251301	120	0	100
11397	1790251297	300	0	300
11398	1790251304	28000	0	28500
11399	1790251303	190000	4	190000
11400	1790380838	2000	0	1606
11401	1790251297	1800	0	1800
11402	1790251302	100	0	100
11403	1790251302	580	0	580
11404	1790251302	420000	0	420690
11405	1790510437	2200	0	2189
11406	1790251303	8000	0	100
11407	1790251305	660	0	712
11410	1790596832	200	3	100
11411	1790251297	1800	0	1850
11412	1790208038	600000	0	629998
11413	1790337640	930000	0	899975
11414	1790337640	1000	1	1000
11415	1790640040	1400000	4	1080000
11417	1790251297	33000	0	25000
11418	1790251305	95000	0	75000
11419	1790251303	800000	0	875000
11420	1790294429	320000	0	344969
11421	1790596834	1300000	19	999999
11422	1790251303	85000	0	82500
11423	1790251303	5600	0	5696
11424	1790251302	2100	0	2100
11425	1790294429	16000	0	16000
11426	1790553642	2500	3	500
11427	1790251303	1000	0	1000
11428	1790596834	2500	5	5000
11429	1790640036	1000000	5	1060000
11430	1790553633	500	4	444
11431	1790467236	990000	1	990000
11432	1790467235	1200000	2	1180000
11433	1790424036	10000	1	5000
11434	1790337640	650000	1	650000
11435	1790640036	620	0	710
11436	1790251303	19000	0	19000
11437	1790553638	750000	2	750000
11438	1790337644	1900	1	1250
11439	1790251304	1300000	0	1300000
11440	1790640036	5000	1	5000
11441	1790596832	100	11	100
11442	1790208038	80000	0	88997
11443	1790251303	250	0	250
11444	1790251302	3000	0	3000
11445	1790380842	930000	0	958000
11446	1790380842	1200000	3	1210000
11447	1790251303	10000	0	16000
11448	1790640036	140000	3	125000
11449	1790640036	1100000	2	1150000
11450	1790380842	1100000	3	1160000
11451	1790251304	1200000	0	1300000
11452	1790553632	650000	1	659999
11453	1790640036	1600000	4	1440000
11454	1790380839	980000	2	980000
11455	1790337641	290000	0	295000
11456	1790553632	1100000	0	1080000
11457	1790510437	1400000	2	1300000
11458	1790380842	920000	0	930000
11459	1790251297	190	0	190
11460	1790510437	750	0	100
11461	1790251303	1700	0	1500
11462	1790251303	70000	0	69993
11463	1790251297	9300	0	9333
11464	1790251301	45000	0	45678
11465	1790251303	42000	0	32000
11466	1790251303	180000	0	185000
11467	1790251301	370000	0	375000
11468	1790251297	7600	0	7644
11469	1790251302	4500	0	7000
11470	1790251297	19000	0	19000
11471	1790208040	130000000	0	120000000
11472	1790640036	150	305	140
11474	1790294429	1000000	0	2000000
11475	1790251302	450000	0	450000
11476	1790337646	180000	0	180000
11478	1790380842	950000	0	990000
11479	1790251297	150	0	150
11480	1790380842	15000	0	15999
11481	1790294429	10000	0	7500
11482	1790251301	1800000	0	2000000
11483	1790251303	35000	0	35000
11484	1790251301	88000	0	87900
11485	1790640036	89000	2	89999
11486	1790337644	330000	0	333333
11487	1790251303	8000	0	5000
11488	1790251302	9800	0	9800
11489	1790251301	18000	0	100
11490	1790294429	37000	1	37000
11491	1790251298	42000	0	42300
11492	1790337640	160000	0	169000
11493	1790337640	570000	0	549999
11496	1790640042	720	8097	400
11502	1790251301	100	0	100
11503	1790640036	100	245	101
11511	1790251301	100	0	100
11519	1790251304	100	2	100
11527	1790640036	400	6	398
11535	1790251303	100	0	175
11536	1790596832	35000	6	39000
11537	1790596832	900	144	1000
11538	1790380838	15000	0	5000
11539	1790294429	12000	0	12137
11540	1790467236	130000000	0	129999999
11541	1790251302	150	1	150
11545	1790467237	140000000	0	139000000
11547	1790251301	100	20	100
11548	1790251301	100	20	100
11560	1790467236	110000000	1	106999999
11562	1790251300	660000000000	0	20000000
11564	1790467236	150000000	0	150000000
11571	1790467236	120000000	1	118000000
11573	1790640038	3000	1759	2222
11574	1790596834	3200	36	3300
11575	1790640037	4000	106	4350
11576	1790640038	5500	67	6400
11577	1790640036	2500	51	2999
11578	1790467237	330	1	332
11579	1790380840	1600	8	1590
11583	1790553640	4900	175	5500
11585	1790596832	100	9	100
11587	1790251303	210	0	100
11588	1790510437	170	1	175
11589	1790208042	440	0	444
11590	1790251303	18000	0	18500
11591	1790467239	120000000	0	109999999
11592	1790467235	150	0	1000
11594	1790640036	1400	63377	1420
11595	1790640036	1000	1	999
11596	1790510437	400	0	3500
11597	1790424038	4400	0	4400
11598	1790640037	7200	902	7250
11599	1790424038	4500	0	5700
11600	1790424037	1000	6	1000
11601	1790424038	11000	6	100
11602	1790553633	4100	0	3333
11603	1790424038	5500	0	5518
11604	1790424037	6800	38	6840
11605	1790424038	4000	0	9999
11606	1790510437	2000	0	1999
11607	1790424036	6400	0	6985
11608	1790467236	93000000	0	90000000
11610	1790380840	39000	0	40000
11611	1790380839	39000	0	30000
11612	1790380840	39000	0	53888
11613	1790380840	39000	0	44000
11614	1790380840	38000	0	48000
11615	1790294431	2000000	0	11499999
11616	1790640036	6900000	1	3000000
11617	1790251303	10000000	1	10000000
11618	1790380843	12000	2	5000
11619	1790251306	8000	0	4000
11620	1790424037	14000	0	13013
11621	1790596832	55000	32	54999
11622	1790251304	55000	1	54998
11623	1790596832	55000	125	40000
11624	1790640038	60000	5	59998
11625	1790208045	55000	21	54996
11626	1790596832	110000000	1	109000000
11627	1790251301	950	0	949
11628	1790251302	250	1	100
11629	1790208039	120000000	1	123800000
11632	1790337640	170000000	1	164888888
11633	1790251303	150	0	150
11634	1790380839	86000000	4	90000000
11635	1790337640	30000000	0	34750000
11636	1790251298	-1	0	999999999999
11638	1790467236	350	0	353
11639	1790640039	38000000	1	38800000
11641	1790251296	320000000	0	310000000
11644	1790424037	5900	61	6000
11645	1790640042	3900	2631	5000
11646	1790380840	900	445	900
11647	1790596833	3900	12	3995
11650	1790251301	100	2	100
11652	1790640037	3900	10	3900
11653	1790424036	3000	32	3000
11656	1790251296	200000000	0	205000000
11657	1790640036	150000000	1	148000000
11660	1790251303	520	0	100
11672	1790424036	92000000	0	92499999
11673	1790251301	100	0	100
11674	1790640037	4500	1791	4880
11675	1790467235	360	1	365
11676	1790251301	100	8	100
11677	1790337641	450	0	100
11678	1790467235	450	24	473
11680	1790337640	190	0	189
11681	1790251310	9000	94	9000
11682	1790640041	1800	0	100
11683	1790510437	2700	0	4474
11684	1790251304	100	19	111
11685	1790380839	8800	17	100
11686	1790251304	84000000	0	83999999
11691	1790640038	9000	3	8700
11692	1790596832	3200	0	1000
11693	1790251301	100	0	100
11694	1790553632	2700	23	2750
11695	1790640037	4500	8	4000
11699	1790251301	100	0	100
11700	1790467239	1800	0	1850
11701	1790251301	100	99	100
11702	1790337640	15000	1	15000
11703	1790596832	36000	3	35900
11704	1790251298	490	0	496
11706	1790596832	8000	42	7500
11707	1790251303	100	8	100
11708	1790251301	100	0	100
11709	1790251302	2700	0	2749
11710	1790251302	670	0	675
11711	1790553637	2900	14	3000
11712	1790553633	140000	0	230000
11713	1790208039	2400000	0	2410000
11714	1790553633	92000	0	70000
11715	1790553634	2700000	0	2699999
11716	1790553633	170000	0	230000
11722	1790337641	1400	0	1500
11723	1790337640	900	28	1300
11724	1790640038	1000	227	999
11725	1790337640	11000000	0	12599998
11726	1790251304	560	0	1500
11727	1790251304	2000	25	2000
11728	1790553632	15000000	0	14999999
11729	1790337640	420	12	420
11730	1790251303	1200	0	1000
11731	1790424036	110	413	110
11732	1790251303	100	0	100
11733	1790251300	250	0	248
11734	1790251303	8500	0	7000
11735	1790337643	1500	0	2759
11736	1790251303	3800	0	3000
11737	1790251303	5000	0	5994
11738	1790467236	6600	58	6669
11739	1790208039	330	0	333
11740	1790208038	400	1	100
11741	1790467236	970	283	500
11742	1790640036	50000	6	49981
11743	1790251303	6000000	0	6000000
11744	1790553634	1500	50	1599
11745	1790640036	12000000	10	12200000
11746	1790251303	8000000	0	8250000
11747	1790596833	210	11	200
11748	1790467235	11000	2	11100
11749	1790251303	200	99	200
11750	1790553633	800	26	849
11751	1790251296	350	39	350
11752	1790510437	39000	1	39493
11753	1790251303	240	2	243
11754	1790640035	1200	0	1230
11755	1790424037	660	0	1800
11756	1790251303	300	4	300
11757	1790467235	400	0	2200
11758	1790251303	3300	12	3333
11761	1790510437	2400000	2	2370000
11763	1790553633	200000	2	210000
11765	1790553633	200000	5	245000
11767	1790596833	350000	3	378000
11769	1790553633	340000	3	349944
11771	1790596832	280000	0	282125
11772	1790640036	2400000	0	2999998
11773	1790251303	2400000	0	2400000
11774	1790380839	1100000	4	1250000
11775	1790337640	410000	0	250000
11776	1790251304	500000	0	499999
11777	1790424036	3100000	0	1500000
11778	1790251304	200000	0	199994
11779	1790553634	1500000	0	1600000
11780	1790251296	220000	0	299990
11781	1790467240	1000	462	1020
11782	1790294429	150000000	1	155000000
11788	1790251303	100	571	100
11789	1790251302	100	0	100
11790	1790596832	450	6	475
11791	1790424037	37000	1	37300
11792	1790251304	100	0	124
11793	1790251298	4500	0	4400
11794	1790251298	17000	0	16800
11795	1790251303	100000	0	50000
11796	1790251303	4500	0	4500
11797	1790251304	8900	0	8990
11798	1790251303	8200	0	8200
11799	1790251304	2900	0	2949
11800	1790251298	2500	0	2500
11801	1790596832	5000	1	5000
11802	1790251297	3900	1	3900
11803	1790424037	68000	0	49666
11804	1790251296	45000	0	44888
11805	1790424038	35000	0	35217
11806	1790424036	71000	0	71947
11807	1790596832	200000000	0	190000000
11809	1790640037	130000	3	130000
11810	1790596832	140000	0	139968
11811	1790251304	100	0	100
11812	1790596832	3400	4	3377
11813	1790424040	120000	1	90000
11814	1790251304	48000	1	48000
11815	1790467235	85000	2	85000
11816	1790640036	11000	0	10700
11817	1790640036	2000	0	2037
11818	1790251303	3000	0	2978
11819	1790337640	2100	0	2178
11820	1790251303	9700	1	9526
11821	1790510437	140000	3	145000
11822	1790510437	140000	0	148000
11823	1790640036	130000	7	129800
11824	1790640038	100000	2	104900
11825	1790251298	1200	0	1199
11826	1790337644	33000	0	20000
11827	1790424037	57000	1	58000
11828	1790640036	65000	0	64887
11829	1790208040	100000	0	149349
11833	1790251303	100	0	100
11834	1790424037	2000	23	1900
11835	1790640035	6700000	3	6700000
11836	1790424038	170000000	1	167500000
11838	1790553633	1000000	3	999998
11839	1790251303	10000000	0	9999999
11840	1790596832	9900000	0	10000000
11841	1790596834	10000000	4	15000000
11842	1790337640	4900000	0	4900000
11843	1790467236	3800000	5	3900000
11844	1790467236	2900000	1	2899999
11845	1790251296	4400000	0	4500000
11846	1790553637	9000000	0	10000000
11847	1790251303	3500000	0	3565000
11849	1790251301	150	1	150
11850	1790251301	150	0	150
11851	1790251301	150	0	150
11852	1790251303	420	0	423
11853	1790251298	2600	0	3000
11854	1790251301	430	0	434
11855	1790251301	150	0	150
11856	1790251303	150	0	150
11857	1790251303	900	0	995
11858	1790251301	150	0	150
11859	1790251301	980	0	980
11860	1790553633	100000000	0	100000999
11862	1790251301	100	12	100
11863	1790251303	250	3	250
11864	1790251301	200	1	200
11865	1790251305	310	153	300
11866	1790251304	300	48	200
11868	1790640036	6000	1	3333
11869	1790251298	-1	0	999999999999
11870	1790596832	170	822	100
11871	1790251301	100	1	100
11872	1790596833	180	22	205
11873	1790510437	190	12	199
11874	1790251301	100	0	100
11875	1790251301	100	0	100
11876	1790640036	190	395	190
11877	1790337641	120	107	120
11878	1790424040	150	36	100
11879	1790251301	100	3	100
11880	1790640038	120	400	125
11881	1790251301	100	0	100
11882	1790251301	100	2	100
11883	1790553633	92000000	1	92480000
11885	1790640041	470	287	100
11886	1790251303	3600	21	3600
11887	1790251303	27000	0	26989
11888	1790251308	20000	9	20000
11889	1790424037	20000	11	19897
11890	1790251303	58000	0	59974
11891	1790553633	200000	3	199800
11892	1790424038	82000	0	82467
11893	1790467236	90000	1	89997
11894	1790553638	90000	1	50000
11895	1790424038	8400000	1	8000000
11896	1790337644	150	5	150
11897	1790467236	49000	1	49400
11898	1790251303	22000	0	21984
11899	1790251305	32000	0	32500
11901	1790467235	5700000	0	13750000
11903	1790251303	100	14	100
11904	1790467235	160000000	2	159800000
11906	1790251301	100	1	100
11907	1790251301	100	6	100
11908	1790251301	100	0	100
11909	1790251301	100	1	100
11910	1790251301	100	1	100
11911	1790251302	100	1	100
11912	1790510437	290	6	292
11913	1790251301	100	1	100
11914	1790251301	100	0	100
11915	1790251297	100	1	100
11916	1790251301	100	0	100
11918	1790640036	99000000	0	98800000
11920	1790510437	14000	0	30000
11921	1790294429	200000	0	150000
11922	1790251303	97000000	0	98299999
11923	1790251301	150	0	150
11924	1790510437	150	1	100
11925	1790510437	150	175	150
11926	1790510437	150	2	100
11927	1790251303	11000	0	10750
11928	1790251303	20000	0	17500
11929	1790251303	35000	0	37969
11930	1790380842	75000	5	85000
11931	1790251303	240000	0	255555
11932	1790251308	150000000	4	148000000
11934	1790596832	5000000	4	3000000
11935	1790251305	990000	0	996900
11936	1790337640	190000	0	350000
11937	1790640038	8000	1	10000
11938	1790640038	1400	8	1400
11939	1790337640	400	0	400
11940	1790380842	96000	0	98996
11941	1790467235	81000000	0	84000000
11943	1790251302	150	0	242
11945	1790640036	900000	0	850000
11946	1790640042	10000	1132	10275
11948	1790337641	1300	2	1300
11950	1790510437	700	185	600
11952	1790380838	500	3	200
11953	1790640035	1000	5	500
11954	1790467235	410	0	414
11955	1790596834	2900	67	2888
11956	1790640040	4200	3505	4250
11958	1790640039	2700	83	1000
11963	1790337640	3500	0	11000
11964	1790251300	100	0	100
11965	1790424037	7200	0	8378
11966	1790640036	900	0	19798
11967	1790510437	900	0	1400
11968	1790467235	900	1	1399
11971	1790596834	270	210	268
11974	1790251304	150000000	0	147800000
11976	1790640042	93000	641	92999
11977	1790424037	20000	0	20000
11986	1790251302	100000000	3	99000000
12044	1790596840	250	805	250
12045	1790510439	250	489	250
12046	1790510441	250	547	290
12047	1790380842	74000000	6	73500000
12049	1790337641	130000000	1	129500000
12050	1790251303	150	0	150
12052	1790553633	5000	43	5000
12053	1790640038	13000	89	100
12054	1790553637	23000	102	23450
12055	1790640039	2100	47	1999
12056	1790553642	750	56	752
12057	1790337640	1500	1	1500
12058	1790640042	1700	55	2750
12059	1790294430	200	37	199
12060	1790208042	64000	22	55000
12061	1790640036	3000000	1	2500000
12062	1790596832	1500000	0	2000000
12063	1790640036	3500000	1	3500000
12064	1790640036	3300000	1	3500000
12065	1790640037	6100000	1	6200000
12066	1790251304	80000000	0	79875000
12075	1790596837	600	29	101
12083	1790337644	100	435	101
12122	1790380838	50000	1	50000
12123	1790380840	7000000	1	7888888
12124	1790380842	42000	2	42498
12125	1790467238	23000000	0	20000000
12126	1790596832	65000	3	66500
12129	1790596832	1900	2	1888
12130	1790337641	1500	1	1600
12131	1790640038	1000	2304	1200
12132	1790596832	6600000	0	9500000
12133	1790380840	93000000	3	93000000
12135	1790337640	120	0	122
12136	1790251302	220	0	260
12137	1790337640	5000000	0	3800000
12138	1790337640	4500000	0	4999997
12139	1790251303	5000000	0	4900000
12140	1790251302	62000000	0	64000000
12141	1790251312	200	40	200
12142	1790640036	230	184	150
12143	1790467236	300	0	350
12144	1790510439	3600000	2	2900000
12145	1790510437	3400000	1	4011111
12146	1790640036	4200000	1	3900000
12148	1790251301	150	0	150
12149	1790294429	270000	0	328887
12150	1790380840	300000	0	299999
12151	1790208045	2000000	0	1775000
12152	1790640038	1600000	0	1745000
12153	1790208045	2000000	0	1999069
12154	1790424037	160000	0	217986
12155	1790424036	820000	3	849998
12156	1790640036	2200000	2	2200000
12158	1790596832	2200000	2	2200000
12160	1790640036	2800000	2	2800000
12162	1790294429	1400000	4	1400000
12164	1790208040	1800000	2	1800000
12166	1790208038	950000	0	980000
12167	1790208038	17000	0	200
12168	1790380840	22000	0	200
12169	1790251303	54000	0	58000
12170	1790251302	29000	0	200
12171	1790467235	250	75	250
12172	1790553642	300	227	300
12173	1790380838	10000	16	10000
12174	1790380842	4000000	19	100
12176	1790251303	16000000	0	18500000
12177	1790640037	110000	9	110000
12178	1790208040	250	2	252
12180	1790553633	80000000	6	80000000
12185	1790467238	80000000	1	80000000
12186	1790596835	160	876	160
12187	1790510441	330	4251	100
12188	1790640038	170	1515	100
12189	1790553636	850	2	1000
12190	1790596835	1000	1	999
12191	1790640039	320	55	900
12193	1790640041	6500	520	6500
12194	1790640039	290	556	300
12195	1790640038	400	786	399
12196	1790640036	4500	7	4900
12214	1790337641	240	1	240
12215	1790251304	110000000	0	109000000
12217	1790640036	190	79	199
12218	1790596834	3200	32	3295
12222	1790467238	76000000	3	75900000
12225	1790640040	900	2781	900
12226	1790510438	1000	17	1078
12227	1790553638	1000	125	995
12228	1790640038	3900	55	3880
12229	1790553638	1300	57	1300
12230	1790640037	1100	190	1100
12231	1790640037	1600	30	1646
12232	1790640038	1500	41	1500
12233	1790640037	1500	66	1480
12234	1790596833	2000	16	2400
12235	1790251303	2000	20	2000
12236	1790640036	1200	27	1500
12237	1790596832	6100	2	6099
12238	1790251305	1900	12	1899
12239	1790380839	900	20	899
12240	1790380840	2000	20	2000
12241	1790208039	4000	20	3500
12242	1790510437	3900	10	3900
12243	1790251305	5700	0	150
12245	1790424040	110000000	5	115000000
12246	1790251303	870	0	874
12252	1790251303	-1	0	3500000000
12253	1790424037	24000	9	23730
12254	1790424045	17000	25	17000
12255	1790294429	48000	0	49999
12256	1790380843	98000	2	69420
12257	1790467236	60000	0	79999
12258	1790640041	100000000	1	102999000
12260	1790294429	1500000	0	1500000
12261	1790640036	2500	7	500
12262	1790553633	800	25	800
12263	1790510439	1000000	0	1120000
12264	1790424037	750	181	1000
12265	1790640036	900	4	899
12266	1790596832	28000	3	27776
12267	1790337643	650	3	648
12268	1790208044	900	1	898
12269	1790294434	96000000	2	94000000
12272	1790640036	2700	14	2720
12273	1790553636	22000	15	22199
12274	1790510438	8000	29	8885
12276	1790640038	97000000	17	96000000
12277	1790424044	1000	4	450
12278	1790424043	5000	85	5000
12279	1790467237	9500	2	9500
12280	1790424037	1800	13	1979
12281	1790553637	8900	17	8900
12282	1790380840	2000	2	2000
12283	1790424044	2500	34	2499
12284	1790553636	19000	49	19000
12285	1790640039	500	3	497
12286	1790640040	15000	2	15000
12287	1790294437	11000	9	11000
12288	1790553635	20000	61	19850
12289	1790553636	13000	6	13330
12290	1790424037	3500	47	100
12291	1790553637	10000	7	9900
12292	1790640038	3500	9	4999
12294	1790467237	7400	41	4800
12295	1790640041	14000	282	18000
12296	1790640040	26000	7	26000
12297	1790337640	1000	0	1000
12301	1790640036	3400000	4	3500000
12302	1790251296	-1	0	999999999999
12304	1790640037	550000	10	300000
12305	1790640036	3000	44	2500
12306	1790640036	5000	63	4400
12307	1790640039	5000	38	3990
12308	1790596835	1000	0	7443
12309	1790640041	32000	100	35000
12310	1790640038	600	15	712
12311	1790640036	900	54	990
12312	1790640036	1300	20	750
12313	1790251296	-1	0	999999999999
12314	1790251303	-1	0	500000
12315	1790337644	50000000	0	40000000
12316	1790510437	170000000	3	200000000
12317	1790596833	100000000	0	134999999
12321	1790553637	76000000	10	75400000
12322	1790337644	10000	1	11285